IC1709,20170324,20170324,00:56:03,500,6219.4,391,6236.2,6139.4,6142,-1,1.23708e+06,6222.6,1,6217.2,1,6738.65513.44107,4.837e+08,6136.4,4065,6126,
IC1709,20170324,20170323,17:36:00,500,6185,180,6185,6139.4,6142,-1,1.23229e+06,6188.2,1,6181.4,5,6738.65513.44022,2.21811e+08,6136.4,4065,6126,
IC1709,20170324,20170323,17:36:07,500,6185,180,6185,6139.4,6142,-1,1.23229e+06,6188.2,1,6182,1,6738.65513.44022,2.21811e+08,6136.4,4065,6126,
IC1709,20170324,20170323,17:36:08,0,6185,180,6185,6139.4,6142,-1,1.23229e+06,6188.2,1,6182.4,3,6738.65513.44022,2.21811e+08,6136.4,4065,6126,
IC1709,20170324,20170323,17:36:08,500,6185,180,6185,6139.4,6142,-1,1.23229e+06,6188.2,1,6182.4,4,6738.65513.44022,2.21811e+08,6136.4,4065,6126,
IC1709,20170324,20170323,17:36:10,500,6185,180,6185,6139.4,6142,-1,1.23229e+06,6188.2,1,6182.4,4,6738.65513.44022,2.21811e+08,6136.4,4065,6126,
IC1709,20170324,20170323,17:36:13,500,6185,180,6185,6139.4,6142,-1,1.23229e+06,6188.2,1,6184.8,1,6738.65513.44022,2.21811e+08,6136.4,4065,6126,
IC1709,20170324,20170323,17:36:14,0,6185,180,6185,6139.4,6142,-1,1.23229e+06,6188.2,1,6184.8,1,6738.65513.44022,2.21811e+08,6136.4,4065,6126,
IC1709,20170324,20170323,17:36:14,500,6184.8,181,6185,6139.4,6142,-1,1.23231e+06,6188,1,6181.4,1,6738.65513.44023,2.23048e+08,6136.4,4065,6126,
IC1709,20170324,20170323,17:36:15,0,6184.8,181,6185,6139.4,6142,-1,1.23231e+06,6188,1,6181.6,1,6738.65513.44023,2.23048e+08,6136.4,4065,6126,
IC1709,20170324,20170323,17:36:15,500,6184.8,181,6185,6139.4,6142,-1,1.23231e+06,6188,1,6181.8,1,6738.65513.44023,2.23048e+08,6136.4,4065,6126,
IC1709,20170324,20170323,17:36:17,500,6184.8,181,6185,6139.4,6142,-1,1.23231e+06,6187.8,1,6181.8,1,6738.65513.44023,2.23048e+08,6136.4,4065,6126,
IC1709,20170324,20170323,17:36:18,0,6184.8,181,6185,6139.4,6142,-1,1.23231e+06,6187.4,1,6181.8,1,6738.65513.44023,2.23048e+08,6136.4,4065,6126,
IC1709,20170324,20170323,17:36:18,500,6184.8,181,6185,6139.4,6142,-1,1.23231e+06,6187.2,1,6181.8,1,6738.65513.44023,2.23048e+08,6136.4,4065,6126,
IC1709,20170324,20170323,17:36:19,0,6184.8,181,6185,6139.4,6142,-1,1.23231e+06,6187.2,1,6181.8,1,6738.65513.44023,2.23048e+08,6136.4,4065,6126,
IC1709,20170324,20170323,17:36:19,500,6184.8,181,6185,6139.4,6142,-1,1.23231e+06,6187,1,6181.8,1,6738.65513.44023,2.23048e+08,6136.4,4065,6126,
IC1709,20170324,20170323,17:36:23,500,6184.8,181,6185,6139.4,6142,-1,1.23231e+06,6187.2,1,6181.8,1,6738.65513.44023,2.23048e+08,6136.4,4065,6126,
IC1709,20170324,20170323,17:36:24,0,6184.8,181,6185,6139.4,6142,-1,1.23231e+06,6185,1,6181.8,1,6738.65513.44023,2.23048e+08,6136.4,4065,6126,
IC1709,20170324,20170323,17:36:25,500,6184.8,181,6185,6139.4,6142,-1,1.23231e+06,6185,1,6181.8,1,6738.65513.44023,2.23048e+08,6136.4,4065,6126,
IC1709,20170324,20170323,17:36:34,0,6185,182,6185,6139.4,6142,-1,1.23234e+06,6187.2,1,6181.8,1,6738.65513.44024,2.24285e+08,6136.4,4065,6126,
IC1709,20170324,20170323,17:36:42,500,6185,182,6185,6139.4,6142,-1,1.23234e+06,6188.2,1,6181.8,1,6738.65513.44024,2.24285e+08,6136.4,4065,6126,
IC1709,20170324,20170323,17:36:43,0,6185,182,6185,6139.4,6142,-1,1.23234e+06,6188,1,6181.8,1,6738.65513.44024,2.24285e+08,6136.4,4065,6126,
IC1709,20170324,20170323,17:36:55,500,6188,183,6188,6139.4,6142,-1,1.23237e+06,6188.2,1,6181.8,1,6738.65513.44025,2.25523e+08,6136.4,4065,6126,
IC1709,20170324,20170323,17:36:57,0,6188,183,6188,6139.4,6142,-1,1.23237e+06,6187.8,1,6181.8,1,6738.65513.44025,2.25523e+08,6136.4,4065,6126,
IC1709,20170324,20170323,17:37:01,0,6188,183,6188,6139.4,6142,-1,1.23237e+06,6188.2,1,6181.8,1,6738.65513.44025,2.25523e+08,6136.4,4065,6126,
IC1709,20170324,20170323,17:37:03,500,6188.2,184,6188.2,6139.4,6142,-1,1.23239e+06,6190,1,6182,1,6738.65513.44026,2.26761e+08,6136.4,4065,6126,
IC1709,20170324,20170323,17:37:04,0,6188.2,184,6188.2,6139.4,6142,-1,1.23239e+06,6190,1,6182.4,3,6738.65513.44026,2.26761e+08,6136.4,4065,6126,
IC1709,20170324,20170323,17:37:04,500,6188.2,184,6188.2,6139.4,6142,-1,1.23239e+06,6190,1,6182.6,1,6738.65513.44026,2.26761e+08,6136.4,4065,6126,
IC1709,20170324,20170323,17:37:05,0,6188.2,184,6188.2,6139.4,6142,-1,1.23239e+06,6190,1,6182.8,3,6738.65513.44026,2.26761e+08,6136.4,4065,6126,
IC1709,20170324,20170323,17:37:05,500,6188.2,184,6188.2,6139.4,6142,-1,1.23239e+06,6190,1,6183,1,6738.65513.44026,2.26761e+08,6136.4,4065,6126,
IC1709,20170324,20170323,17:37:06,0,6188.2,184,6188.2,6139.4,6142,-1,1.23239e+06,6190,1,6183.2,3,6738.65513.44026,2.26761e+08,6136.4,4065,6126,
IC1709,20170324,20170323,17:37:06,500,6188.2,184,6188.2,6139.4,6142,-1,1.23239e+06,6190,1,6183.4,1,6738.65513.44026,2.26761e+08,6136.4,4065,6126,
IC1709,20170324,20170323,17:37:07,0,6188.2,184,6188.2,6139.4,6142,-1,1.23239e+06,6190,1,6183.6,3,6738.65513.44026,2.26761e+08,6136.4,4065,6126,
IC1709,20170324,20170323,17:37:07,500,6188.2,184,6188.2,6139.4,6142,-1,1.23239e+06,6190,1,6183.6,4,6738.65513.44026,2.26761e+08,6136.4,4065,6126,
IC1709,20170324,20170323,17:37:10,0,6188.2,184,6188.2,6139.4,6142,-1,1.23239e+06,6189.8,1,6183.6,4,6738.65513.44026,2.26761e+08,6136.4,4065,6126,
IC1709,20170324,20170323,17:37:10,500,6188.2,184,6188.2,6139.4,6142,-1,1.23239e+06,6189.8,1,6183.6,4,6738.65513.44026,2.26761e+08,6136.4,4065,6126,
IC1709,20170324,20170323,17:37:12,500,6188.2,184,6188.2,6139.4,6142,-1,1.23239e+06,6189.8,1,6183.6,3,6738.65513.44026,2.26761e+08,6136.4,4065,6126,
IC1709,20170324,20170323,17:37:16,0,6188.2,184,6188.2,6139.4,6142,-1,1.23239e+06,6189.8,1,6184,1,6738.65513.44026,2.26761e+08,6136.4,4065,6126,
IC1709,20170324,20170323,17:37:16,500,6188.2,184,6188.2,6139.4,6142,-1,1.23239e+06,6189.8,1,6184.2,2,6738.65513.44026,2.26761e+08,6136.4,4065,6126,
IC1709,20170324,20170323,17:37:18,0,6188.2,184,6188.2,6139.4,6142,-1,1.23239e+06,6189.8,1,6184.2,2,6738.65513.44026,2.26761e+08,6136.4,4065,6126,
IC1709,20170324,20170323,17:37:24,500,6188.2,184,6188.2,6139.4,6142,-1,1.23239e+06,6189.8,2,6184.2,2,6738.65513.44026,2.26761e+08,6136.4,4065,6126,
IC1709,20170324,20170323,17:37:39,0,6188.2,184,6188.2,6139.4,6142,-1,1.23239e+06,6189.8,1,6184.2,2,6738.65513.44026,2.26761e+08,6136.4,4065,6126,
IC1709,20170324,20170323,17:37:44,500,6189.8,185,6189.8,6139.4,6142,-1,1.23242e+06,6190,1,6184.6,2,6738.65513.44025,2.27999e+08,6136.4,4065,6126,
IC1709,20170324,20170323,17:37:51,0,6189.8,185,6189.8,6139.4,6142,-1,1.23242e+06,6190,1,6185,1,6738.65513.44025,2.27999e+08,6136.4,4065,6126,
IC1709,20170324,20170323,17:37:51,500,6189.8,185,6189.8,6139.4,6142,-1,1.23242e+06,6190,1,6185.2,2,6738.65513.44025,2.27999e+08,6136.4,4065,6126,
IC1709,20170324,20170323,17:37:52,500,6189.8,185,6189.8,6139.4,6142,-1,1.23242e+06,6190,1,6185.2,2,6738.65513.44025,2.27999e+08,6136.4,4065,6126,
IC1709,20170324,20170323,17:37:54,0,6189.8,185,6189.8,6139.4,6142,-1,1.23242e+06,6190,1,6186,1,6738.65513.44025,2.27999e+08,6136.4,4065,6126,
IC1709,20170324,20170323,17:37:54,500,6189.8,185,6189.8,6139.4,6142,-1,1.23242e+06,6190,1,6186,1,6738.65513.44025,2.27999e+08,6136.4,4065,6126,
IC1709,20170324,20170323,17:37:55,500,6189.8,185,6189.8,6139.4,6142,-1,1.23242e+06,6190,1,6186.4,1,6738.65513.44025,2.27999e+08,6136.4,4065,6126,
IC1709,20170324,20170323,17:37:56,0,6189.8,185,6189.8,6139.4,6142,-1,1.23242e+06,6190,1,6186.6,1,6738.65513.44025,2.27999e+08,6136.4,4065,6126,
IC1709,20170324,20170323,17:37:58,0,6189.8,185,6189.8,6139.4,6142,-1,1.23242e+06,6190,1,6186,1,6738.65513.44025,2.27999e+08,6136.4,4065,6126,
IC1709,20170324,20170323,17:37:58,500,6189.8,185,6189.8,6139.4,6142,-1,1.23242e+06,6190,1,6186.2,1,6738.65513.44025,2.27999e+08,6136.4,4065,6126,
IC1709,20170324,20170323,17:38:01,500,6189.8,185,6189.8,6139.4,6142,-1,1.23242e+06,6190,1,6186.2,1,6738.65513.44025,2.27999e+08,6136.4,4065,6126,
IC1709,20170324,20170323,17:38:09,500,6189.8,185,6189.8,6139.4,6142,-1,1.23242e+06,6190,1,6186.4,1,6738.65513.44025,2.27999e+08,6136.4,4065,6126,
IC1709,20170324,20170323,17:38:10,500,6189.8,185,6189.8,6139.4,6142,-1,1.23242e+06,6190,1,6186.6,1,6738.65513.44025,2.27999e+08,6136.4,4065,6126,
IC1709,20170324,20170323,17:38:18,500,6189.8,185,6189.8,6139.4,6142,-1,1.23242e+06,6190,1,6186.6,1,6738.65513.44025,2.27999e+08,6136.4,4065,6126,
IC1709,20170324,20170323,17:38:21,500,6189.8,185,6189.8,6139.4,6142,-1,1.23242e+06,6190,1,6186.4,1,6738.65513.44025,2.27999e+08,6136.4,4065,6126,
IC1709,20170324,20170323,17:38:23,0,6189.8,185,6189.8,6139.4,6142,-1,1.23242e+06,6189.8,1,6186.4,1,6738.65513.44025,2.27999e+08,6136.4,4065,6126,
IC1709,20170324,20170323,17:38:24,0,6189.8,185,6189.8,6139.4,6142,-1,1.23242e+06,6189.6,1,6186.4,1,6738.65513.44025,2.27999e+08,6136.4,4065,6126,
IC1709,20170324,20170323,17:38:24,500,6189.8,185,6189.8,6139.4,6142,-1,1.23242e+06,6189.6,1,6186.4,1,6738.65513.44025,2.27999e+08,6136.4,4065,6126,
IC1709,20170324,20170323,17:38:31,500,6189.8,185,6189.8,6139.4,6142,-1,1.23242e+06,6189.4,1,6186.4,1,6738.65513.44025,2.27999e+08,6136.4,4065,6126,
IC1709,20170324,20170323,17:38:34,500,6189.8,185,6189.8,6139.4,6142,-1,1.23242e+06,6189,1,6186.4,1,6738.65513.44025,2.27999e+08,6136.4,4065,6126,
IC1709,20170324,20170323,17:38:35,0,6189.8,185,6189.8,6139.4,6142,-1,1.23242e+06,6189,1,6186.4,1,6738.65513.44025,2.27999e+08,6136.4,4065,6126,
IC1709,20170324,20170323,17:38:38,0,6189.8,185,6189.8,6139.4,6142,-1,1.23242e+06,6189.6,1,6186.4,1,6738.65513.44025,2.27999e+08,6136.4,4065,6126,
IC1709,20170324,20170323,17:38:41,0,6189.8,185,6189.8,6139.4,6142,-1,1.23242e+06,6190,1,6186.4,1,6738.65513.44025,2.27999e+08,6136.4,4065,6126,
IC1709,20170324,20170323,17:38:57,500,6189.8,185,6189.8,6139.4,6142,-1,1.23242e+06,6189.8,1,6186.4,1,6738.65513.44025,2.27999e+08,6136.4,4065,6126,
IC1709,20170324,20170323,17:39:11,0,6189.8,185,6189.8,6139.4,6142,-1,1.23242e+06,6189.6,1,6186.4,1,6738.65513.44025,2.27999e+08,6136.4,4065,6126,
IC1709,20170324,20170323,17:39:11,500,6189.8,185,6189.8,6139.4,6142,-1,1.23242e+06,6189.6,1,6186.4,1,6738.65513.44025,2.27999e+08,6136.4,4065,6126,
IC1709,20170324,20170323,17:39:13,0,6189.8,185,6189.8,6139.4,6142,-1,1.23242e+06,6189.4,1,6186.4,1,6738.65513.44025,2.27999e+08,6136.4,4065,6126,
IC1709,20170324,20170323,17:39:13,500,6189.8,185,6189.8,6139.4,6142,-1,1.23242e+06,6189.6,1,6186.4,1,6738.65513.44025,2.27999e+08,6136.4,4065,6126,
IC1709,20170324,20170323,17:39:15,0,6189.8,185,6189.8,6139.4,6142,-1,1.23242e+06,6189.4,1,6186.4,1,6738.65513.44025,2.27999e+08,6136.4,4065,6126,
IC1709,20170324,20170323,17:39:17,0,6186.4,186,6189.8,6139.4,6142,-1,1.23245e+06,6189,1,6171,1,6738.65513.44025,2.29236e+08,6136.4,4065,6126,
IC1709,20170324,20170323,17:39:17,500,6186.4,186,6189.8,6139.4,6142,-1,1.23245e+06,6188.8,2,6173.2,3,6738.65513.44025,2.29236e+08,6136.4,4065,6126,
IC1709,20170324,20170323,17:39:18,0,6186.4,186,6189.8,6139.4,6142,-1,1.23245e+06,6188.6,1,6173.2,3,6738.65513.44025,2.29236e+08,6136.4,4065,6126,
IC1709,20170324,20170323,17:39:18,500,6186.4,186,6189.8,6139.4,6142,-1,1.23245e+06,6188.4,1,6178.4,1,6738.65513.44025,2.29236e+08,6136.4,4065,6126,
IC1709,20170324,20170323,17:39:19,0,6186.4,186,6189.8,6139.4,6142,-1,1.23245e+06,6188.4,1,6179.2,3,6738.65513.44025,2.29236e+08,6136.4,4065,6126,
IC1709,20170324,20170323,17:39:20,500,6186.4,186,6189.8,6139.4,6142,-1,1.23245e+06,6188,1,6179.2,3,6738.65513.44025,2.29236e+08,6136.4,4065,6126,
IC1709,20170324,20170323,17:39:21,0,6186.4,186,6189.8,6139.4,6142,-1,1.23245e+06,6187.8,2,6179.2,3,6738.65513.44025,2.29236e+08,6136.4,4065,6126,
IC1709,20170324,20170323,17:39:21,500,6186.4,186,6189.8,6139.4,6142,-1,1.23245e+06,6187.8,2,6179.2,3,6738.65513.44025,2.29236e+08,6136.4,4065,6126,
IC1709,20170324,20170323,17:39:22,0,6186.4,186,6189.8,6139.4,6142,-1,1.23245e+06,6187.8,2,6179.4,1,6738.65513.44025,2.29236e+08,6136.4,4065,6126,
IC1709,20170324,20170323,17:39:22,500,6186.4,186,6189.8,6139.4,6142,-1,1.23245e+06,6187.8,2,6180,3,6738.65513.44025,2.29236e+08,6136.4,4065,6126,
IC1709,20170324,20170323,17:39:23,0,6186.4,186,6189.8,6139.4,6142,-1,1.23245e+06,6187.8,2,6180.2,1,6738.65513.44025,2.29236e+08,6136.4,4065,6126,
IC1709,20170324,20170323,17:39:23,500,6186.4,186,6189.8,6139.4,6142,-1,1.23245e+06,6187.8,2,6180.6,3,6738.65513.44025,2.29236e+08,6136.4,4065,6126,
IC1709,20170324,20170323,17:39:24,0,6186.4,186,6189.8,6139.4,6142,-1,1.23245e+06,6187,1,6180.8,1,6738.65513.44025,2.29236e+08,6136.4,4065,6126,
IC1709,20170324,20170323,17:39:24,500,6186.4,186,6189.8,6139.4,6142,-1,1.23245e+06,6186.8,1,6181.6,1,6738.65513.44025,2.29236e+08,6136.4,4065,6126,
IC1709,20170324,20170323,17:39:25,0,6186.4,186,6189.8,6139.4,6142,-1,1.23245e+06,6186.8,1,6181.8,2,6738.65513.44025,2.29236e+08,6136.4,4065,6126,
IC1709,20170324,20170323,17:39:26,0,6186.4,186,6189.8,6139.4,6142,-1,1.23245e+06,6186.8,1,6181.8,2,6738.65513.44025,2.29236e+08,6136.4,4065,6126,
IC1709,20170324,20170323,17:39:26,500,6186.4,186,6189.8,6139.4,6142,-1,1.23245e+06,6189.4,1,6181.8,2,6738.65513.44025,2.29236e+08,6136.4,4065,6126,
IC1709,20170324,20170323,17:39:27,0,6186.4,186,6189.8,6139.4,6142,-1,1.23245e+06,6186,1,6182,1,6738.65513.44025,2.29236e+08,6136.4,4065,6126,
IC1709,20170324,20170323,17:39:27,500,6186.4,186,6189.8,6139.4,6142,-1,1.23245e+06,6185.8,1,6182.2,3,6738.65513.44025,2.29236e+08,6136.4,4065,6126,
IC1709,20170324,20170323,17:39:28,0,6186.4,186,6189.8,6139.4,6142,-1,1.23245e+06,6185.8,1,6182.2,3,6738.65513.44025,2.29236e+08,6136.4,4065,6126,
IC1709,20170324,20170323,17:39:29,500,6186.4,186,6189.8,6139.4,6142,-1,1.23245e+06,6185.8,1,6182.2,3,6738.65513.44025,2.29236e+08,6136.4,4065,6126,
IC1709,20170324,20170323,17:39:30,0,6186.4,186,6189.8,6139.4,6142,-1,1.23245e+06,6189.4,1,6182.2,3,6738.65513.44025,2.29236e+08,6136.4,4065,6126,
IC1709,20170324,20170323,17:39:30,500,6186.4,186,6189.8,6139.4,6142,-1,1.23245e+06,6189.4,1,6182.4,1,6738.65513.44025,2.29236e+08,6136.4,4065,6126,
IC1709,20170324,20170323,17:39:31,0,6186.4,186,6189.8,6139.4,6142,-1,1.23245e+06,6189.4,1,6183,1,6738.65513.44025,2.29236e+08,6136.4,4065,6126,
IC1709,20170324,20170323,17:39:32,0,6186.4,186,6189.8,6139.4,6142,-1,1.23245e+06,6189.2,1,6183.4,1,6738.65513.44025,2.29236e+08,6136.4,4065,6126,
IC1709,20170324,20170323,17:39:32,500,6186.4,186,6189.8,6139.4,6142,-1,1.23245e+06,6189,1,6183.4,1,6738.65513.44025,2.29236e+08,6136.4,4065,6126,
IC1709,20170324,20170323,17:39:33,0,6186.4,186,6189.8,6139.4,6142,-1,1.23245e+06,6188.8,1,6183.4,1,6738.65513.44025,2.29236e+08,6136.4,4065,6126,
IC1709,20170324,20170323,17:39:33,500,6186.4,186,6189.8,6139.4,6142,-1,1.23245e+06,6188.6,1,6183.4,1,6738.65513.44025,2.29236e+08,6136.4,4065,6126,
IC1709,20170324,20170323,17:39:34,0,6186.4,186,6189.8,6139.4,6142,-1,1.23245e+06,6188.6,1,6183.4,1,6738.65513.44025,2.29236e+08,6136.4,4065,6126,
IC1709,20170324,20170323,17:39:34,500,6186.4,186,6189.8,6139.4,6142,-1,1.23245e+06,6189.4,1,6183.4,1,6738.65513.44025,2.29236e+08,6136.4,4065,6126,
IC1709,20170324,20170323,17:39:35,0,6186.4,186,6189.8,6139.4,6142,-1,1.23245e+06,6189.2,1,6183.4,1,6738.65513.44025,2.29236e+08,6136.4,4065,6126,
IC1709,20170324,20170323,17:39:35,500,6186.4,186,6189.8,6139.4,6142,-1,1.23245e+06,6189,1,6183.4,1,6738.65513.44025,2.29236e+08,6136.4,4065,6126,
IC1709,20170324,20170323,17:39:36,0,6186.4,186,6189.8,6139.4,6142,-1,1.23245e+06,6188.8,1,6183.4,1,6738.65513.44025,2.29236e+08,6136.4,4065,6126,
IC1709,20170324,20170323,17:39:36,500,6186.4,186,6189.8,6139.4,6142,-1,1.23245e+06,6188,1,6183.4,1,6738.65513.44025,2.29236e+08,6136.4,4065,6126,
IC1709,20170324,20170323,17:39:37,0,6186.4,186,6189.8,6139.4,6142,-1,1.23245e+06,6188,1,6183.4,1,6738.65513.44025,2.29236e+08,6136.4,4065,6126,
IC1709,20170324,20170323,17:39:38,500,6186.4,186,6189.8,6139.4,6142,-1,1.23245e+06,6187.8,1,6183.4,1,6738.65513.44025,2.29236e+08,6136.4,4065,6126,
IC1709,20170324,20170323,17:39:39,0,6186.4,186,6189.8,6139.4,6142,-1,1.23245e+06,6188,1,6183.4,1,6738.65513.44025,2.29236e+08,6136.4,4065,6126,
IC1709,20170324,20170323,17:39:39,500,6186.4,186,6189.8,6139.4,6142,-1,1.23245e+06,6187.8,1,6183.4,1,6738.65513.44025,2.29236e+08,6136.4,4065,6126,
IC1709,20170324,20170323,17:39:40,0,6186.4,186,6189.8,6139.4,6142,-1,1.23245e+06,6188,1,6183.4,1,6738.65513.44025,2.29236e+08,6136.4,4065,6126,
IC1709,20170324,20170323,17:39:41,0,6186.4,186,6189.8,6139.4,6142,-1,1.23245e+06,6187.8,1,6183.4,1,6738.65513.44025,2.29236e+08,6136.4,4065,6126,
IC1709,20170324,20170323,17:39:48,0,6186.4,186,6189.8,6139.4,6142,-1,1.23245e+06,6187.8,1,6183.4,1,6738.65513.44025,2.29236e+08,6136.4,4065,6126,
IC1709,20170324,20170323,17:40:02,0,6186.4,186,6189.8,6139.4,6142,-1,1.23245e+06,6187.6,1,6181.6,1,6738.65513.44025,2.29236e+08,6136.4,4065,6126,
IC1709,20170324,20170323,17:40:02,500,6186.4,186,6189.8,6139.4,6142,-1,1.23245e+06,6187.4,1,6181.8,1,6738.65513.44025,2.29236e+08,6136.4,4065,6126,
IC1709,20170324,20170323,17:40:03,0,6186.4,186,6189.8,6139.4,6142,-1,1.23245e+06,6187.2,1,6181.8,1,6738.65513.44025,2.29236e+08,6136.4,4065,6126,
IC1709,20170324,20170323,17:40:04,0,6186.4,186,6189.8,6139.4,6142,-1,1.23245e+06,6187.2,1,6181.8,1,6738.65513.44025,2.29236e+08,6136.4,4065,6126,
IC1709,20170324,20170323,17:40:06,0,6186.4,186,6189.8,6139.4,6142,-1,1.23245e+06,6187,1,6181.8,1,6738.65513.44025,2.29236e+08,6136.4,4065,6126,
IC1709,20170324,20170323,17:40:06,500,6186.4,186,6189.8,6139.4,6142,-1,1.23245e+06,6187,1,6181.8,1,6738.65513.44025,2.29236e+08,6136.4,4065,6126,
IC1709,20170324,20170323,17:40:07,0,6186.4,186,6189.8,6139.4,6142,-1,1.23245e+06,6186.8,1,6181.8,1,6738.65513.44025,2.29236e+08,6136.4,4065,6126,
IC1709,20170324,20170323,17:40:08,0,6186.4,186,6189.8,6139.4,6142,-1,1.23245e+06,6186.8,1,6181.8,1,6738.65513.44025,2.29236e+08,6136.4,4065,6126,
IC1709,20170324,20170323,17:40:09,500,6186.4,186,6189.8,6139.4,6142,-1,1.23245e+06,6188,1,6181.8,1,6738.65513.44025,2.29236e+08,6136.4,4065,6126,
IC1709,20170324,20170323,17:40:10,0,6186.4,186,6189.8,6139.4,6142,-1,1.23245e+06,6187.8,1,6181.8,1,6738.65513.44025,2.29236e+08,6136.4,4065,6126,
IC1709,20170324,20170323,17:40:16,0,6186.4,186,6189.8,6139.4,6142,-1,1.23245e+06,6187.8,1,6181.8,1,6738.65513.44025,2.29236e+08,6136.4,4065,6126,
IC1709,20170324,20170323,17:40:16,500,6186.4,186,6189.8,6139.4,6142,-1,1.23245e+06,6187,1,6181.8,1,6738.65513.44025,2.29236e+08,6136.4,4065,6126,
IC1709,20170324,20170323,17:40:17,0,6186.4,186,6189.8,6139.4,6142,-1,1.23245e+06,6187,1,6181.8,1,6738.65513.44025,2.29236e+08,6136.4,4065,6126,
IC1709,20170324,20170323,17:40:23,0,6186.4,186,6189.8,6139.4,6142,-1,1.23245e+06,6187,1,6181.8,1,6738.65513.44025,2.29236e+08,6136.4,4065,6126,
IC1709,20170324,20170323,17:40:24,500,6186.4,186,6189.8,6139.4,6142,-1,1.23245e+06,6187,1,6182,1,6738.65513.44025,2.29236e+08,6136.4,4065,6126,
IC1709,20170324,20170323,17:40:25,0,6186.4,186,6189.8,6139.4,6142,-1,1.23245e+06,6187,1,6182.2,1,6738.65513.44025,2.29236e+08,6136.4,4065,6126,
IC1709,20170324,20170323,17:40:28,0,6186.4,186,6189.8,6139.4,6142,-1,1.23245e+06,6188,1,6182.2,1,6738.65513.44025,2.29236e+08,6136.4,4065,6126,
IC1709,20170324,20170323,17:40:30,0,6186.4,186,6189.8,6139.4,6142,-1,1.23245e+06,6190,1,6182.2,1,6738.65513.44025,2.29236e+08,6136.4,4065,6126,
IC1709,20170324,20170323,17:40:30,500,6186.4,186,6189.8,6139.4,6142,-1,1.23245e+06,6189.8,1,6182.4,1,6738.65513.44025,2.29236e+08,6136.4,4065,6126,
IC1709,20170324,20170323,17:40:31,0,6186.4,186,6189.8,6139.4,6142,-1,1.23245e+06,6189.8,1,6182.6,3,6738.65513.44025,2.29236e+08,6136.4,4065,6126,
IC1709,20170324,20170323,17:40:31,500,6186.4,186,6189.8,6139.4,6142,-1,1.23245e+06,6189.8,1,6182.8,1,6738.65513.44025,2.29236e+08,6136.4,4065,6126,
IC1709,20170324,20170323,17:40:32,500,6186.4,186,6189.8,6139.4,6142,-1,1.23245e+06,6189.8,1,6183,3,6738.65513.44025,2.29236e+08,6136.4,4065,6126,
IC1709,20170324,20170323,17:40:33,0,6186.4,186,6189.8,6139.4,6142,-1,1.23245e+06,6189.8,1,6183.2,1,6738.65513.44025,2.29236e+08,6136.4,4065,6126,
IC1709,20170324,20170323,17:40:34,500,6186.4,186,6189.8,6139.4,6142,-1,1.23245e+06,6189.8,1,6183.4,2,6738.65513.44025,2.29236e+08,6136.4,4065,6126,
IC1709,20170324,20170323,17:40:35,500,6186.4,186,6189.8,6139.4,6142,-1,1.23245e+06,6189.8,1,6184,1,6738.65513.44025,2.29236e+08,6136.4,4065,6126,
IC1709,20170324,20170323,17:40:36,0,6186.4,186,6189.8,6139.4,6142,-1,1.23245e+06,6189.8,1,6184.4,1,6738.65513.44025,2.29236e+08,6136.4,4065,6126,
IC1709,20170324,20170323,17:40:37,500,6186.4,186,6189.8,6139.4,6142,-1,1.23245e+06,6189.6,1,6184.4,1,6738.65513.44025,2.29236e+08,6136.4,4065,6126,
IC1709,20170324,20170323,17:40:38,0,6186.4,186,6189.8,6139.4,6142,-1,1.23245e+06,6189.4,1,6184.4,1,6738.65513.44025,2.29236e+08,6136.4,4065,6126,
IC1709,20170324,20170323,17:40:38,500,6186.4,186,6189.8,6139.4,6142,-1,1.23245e+06,6189.4,1,6184.4,1,6738.65513.44025,2.29236e+08,6136.4,4065,6126,
IC1709,20170324,20170323,17:40:41,500,6186.4,186,6189.8,6139.4,6142,-1,1.23245e+06,6189.2,1,6184,1,6738.65513.44025,2.29236e+08,6136.4,4065,6126,
IC1709,20170324,20170323,17:40:42,500,6186.4,186,6189.8,6139.4,6142,-1,1.23245e+06,6189,1,6184,1,6738.65513.44025,2.29236e+08,6136.4,4065,6126,
IC1709,20170324,20170323,17:40:43,0,6186.4,186,6189.8,6139.4,6142,-1,1.23245e+06,6188.8,1,6184,1,6738.65513.44025,2.29236e+08,6136.4,4065,6126,
IC1709,20170324,20170323,17:40:43,500,6186.4,186,6189.8,6139.4,6142,-1,1.23245e+06,6188.6,1,6184,1,6738.65513.44025,2.29236e+08,6136.4,4065,6126,
IC1709,20170324,20170323,17:40:44,0,6186.4,186,6189.8,6139.4,6142,-1,1.23245e+06,6188.4,1,6184,1,6738.65513.44025,2.29236e+08,6136.4,4065,6126,
IC1709,20170324,20170323,17:40:44,500,6186.4,186,6189.8,6139.4,6142,-1,1.23245e+06,6188.2,1,6184,1,6738.65513.44025,2.29236e+08,6136.4,4065,6126,
IC1709,20170324,20170323,17:40:45,0,6186.4,186,6189.8,6139.4,6142,-1,1.23245e+06,6188.2,1,6178.4,1,6738.65513.44025,2.29236e+08,6136.4,4065,6126,
IC1709,20170324,20170323,17:40:45,500,6186.4,186,6189.8,6139.4,6142,-1,1.23245e+06,6188,1,6179.2,3,6738.65513.44025,2.29236e+08,6136.4,4065,6126,
IC1709,20170324,20170323,17:40:46,0,6186.4,186,6189.8,6139.4,6142,-1,1.23245e+06,6188,1,6179.2,3,6738.65513.44025,2.29236e+08,6136.4,4065,6126,
IC1709,20170324,20170323,17:40:46,500,6186.4,186,6189.8,6139.4,6142,-1,1.23245e+06,6188,1,6179.4,1,6738.65513.44025,2.29236e+08,6136.4,4065,6126,
IC1709,20170324,20170323,17:40:47,500,6186.4,186,6189.8,6139.4,6142,-1,1.23245e+06,6188,1,6180,3,6738.65513.44025,2.29236e+08,6136.4,4065,6126,
IC1709,20170324,20170323,17:40:48,0,6186.4,186,6189.8,6139.4,6142,-1,1.23245e+06,6188,1,6180.4,3,6738.65513.44025,2.29236e+08,6136.4,4065,6126,
IC1709,20170324,20170323,17:40:48,500,6186.4,186,6189.8,6139.4,6142,-1,1.23245e+06,6188,1,6180.6,1,6738.65513.44025,2.29236e+08,6136.4,4065,6126,
IC1709,20170324,20170323,17:40:49,0,6186.4,186,6189.8,6139.4,6142,-1,1.23245e+06,6187.6,1,6180.8,3,6738.65513.44025,2.29236e+08,6136.4,4065,6126,
IC1709,20170324,20170323,17:40:49,500,6186.4,186,6189.8,6139.4,6142,-1,1.23245e+06,6187.6,1,6180.8,3,6738.65513.44025,2.29236e+08,6136.4,4065,6126,
IC1709,20170324,20170323,17:40:50,0,6186.4,186,6189.8,6139.4,6142,-1,1.23245e+06,6187.4,1,6181,1,6738.65513.44025,2.29236e+08,6136.4,4065,6126,
IC1709,20170324,20170323,17:40:50,500,6186.4,186,6189.8,6139.4,6142,-1,1.23245e+06,6187.4,1,6181.2,3,6738.65513.44025,2.29236e+08,6136.4,4065,6126,
IC1709,20170324,20170323,17:40:51,0,6186.4,186,6189.8,6139.4,6142,-1,1.23245e+06,6187.6,1,6181.2,3,6738.65513.44025,2.29236e+08,6136.4,4065,6126,
IC1709,20170324,20170323,17:40:55,500,6186.4,186,6189.8,6139.4,6142,-1,1.23245e+06,6187.6,1,6181.4,1,6738.65513.44025,2.29236e+08,6136.4,4065,6126,
IC1709,20170324,20170323,17:40:56,0,6186.4,186,6189.8,6139.4,6142,-1,1.23245e+06,6187.6,1,6181.6,3,6738.65513.44025,2.29236e+08,6136.4,4065,6126,
IC1709,20170324,20170323,17:40:56,500,6186.4,186,6189.8,6139.4,6142,-1,1.23245e+06,6187.6,1,6181.6,4,6738.65513.44025,2.29236e+08,6136.4,4065,6126,
IC1709,20170324,20170323,17:41:00,0,6186.4,186,6189.8,6139.4,6142,-1,1.23245e+06,6187.6,1,6181.6,3,6738.65513.44025,2.29236e+08,6136.4,4065,6126,
IC1709,20170324,20170323,17:41:03,500,6186.4,186,6189.8,6139.4,6142,-1,1.23245e+06,6187.6,1,6181.6,4,6738.65513.44025,2.29236e+08,6136.4,4065,6126,
IC1709,20170324,20170323,17:41:04,500,6186.4,186,6189.8,6139.4,6142,-1,1.23245e+06,6187.6,1,6181.6,3,6738.65513.44025,2.29236e+08,6136.4,4065,6126,
IC1709,20170324,20170323,17:41:05,500,6186.4,186,6189.8,6139.4,6142,-1,1.23245e+06,6187.6,1,6181.8,1,6738.65513.44025,2.29236e+08,6136.4,4065,6126,
IC1709,20170324,20170323,17:41:06,0,6186.4,186,6189.8,6139.4,6142,-1,1.23245e+06,6187.6,1,6182,3,6738.65513.44025,2.29236e+08,6136.4,4065,6126,
IC1709,20170324,20170323,17:41:06,500,6186.4,186,6189.8,6139.4,6142,-1,1.23245e+06,6187.6,1,6182,4,6738.65513.44025,2.29236e+08,6136.4,4065,6126,
IC1709,20170324,20170323,17:41:07,0,6186.4,186,6189.8,6139.4,6142,-1,1.23245e+06,6187.6,1,6182.2,1,6738.65513.44025,2.29236e+08,6136.4,4065,6126,
IC1709,20170324,20170323,17:41:07,500,6186.4,186,6189.8,6139.4,6142,-1,1.23245e+06,6187.6,1,6182.6,1,6738.65513.44025,2.29236e+08,6136.4,4065,6126,
IC1709,20170324,20170323,17:41:15,0,6186.4,186,6189.8,6139.4,6142,-1,1.23245e+06,6187.4,1,6182.6,1,6738.65513.44025,2.29236e+08,6136.4,4065,6126,
IC1709,20170324,20170323,17:41:15,500,6186.4,186,6189.8,6139.4,6142,-1,1.23245e+06,6187.6,1,6182.6,1,6738.65513.44025,2.29236e+08,6136.4,4065,6126,
IC1709,20170324,20170323,17:41:16,500,6186.4,186,6189.8,6139.4,6142,-1,1.23245e+06,6187.4,1,6182.6,1,6738.65513.44025,2.29236e+08,6136.4,4065,6126,
IC1709,20170324,20170323,17:41:17,500,6186.4,186,6189.8,6139.4,6142,-1,1.23245e+06,6187.4,1,6182.8,1,6738.65513.44025,2.29236e+08,6136.4,4065,6126,
IC1709,20170324,20170323,17:41:18,0,6186.4,186,6189.8,6139.4,6142,-1,1.23245e+06,6187.4,1,6183,1,6738.65513.44025,2.29236e+08,6136.4,4065,6126,
IC1709,20170324,20170323,17:41:19,0,6186.4,186,6189.8,6139.4,6142,-1,1.23245e+06,6187.6,1,6183,1,6738.65513.44025,2.29236e+08,6136.4,4065,6126,
IC1709,20170324,20170323,17:41:20,0,6186.4,186,6189.8,6139.4,6142,-1,1.23245e+06,6187.4,1,6183,1,6738.65513.44025,2.29236e+08,6136.4,4065,6126,
IC1709,20170324,20170323,17:41:25,0,6186.4,186,6189.8,6139.4,6142,-1,1.23245e+06,6187.4,1,6183,1,6738.65513.44025,2.29236e+08,6136.4,4065,6126,
IC1709,20170324,20170323,17:41:26,0,6186.4,186,6189.8,6139.4,6142,-1,1.23245e+06,6187,1,6183,1,6738.65513.44025,2.29236e+08,6136.4,4065,6126,
IC1709,20170324,20170323,17:41:26,500,6186.4,186,6189.8,6139.4,6142,-1,1.23245e+06,6187,1,6183,1,6738.65513.44025,2.29236e+08,6136.4,4065,6126,
IC1709,20170324,20170323,17:41:28,500,6186.4,186,6189.8,6139.4,6142,-1,1.23245e+06,6187,1,6182.8,1,6738.65513.44025,2.29236e+08,6136.4,4065,6126,
IC1709,20170324,20170323,17:41:29,0,6186.4,186,6189.8,6139.4,6142,-1,1.23245e+06,6187,1,6182.8,1,6738.65513.44025,2.29236e+08,6136.4,4065,6126,
IC1709,20170324,20170323,17:41:29,500,6186.4,186,6189.8,6139.4,6142,-1,1.23245e+06,6187,1,6178.4,1,6738.65513.44025,2.29236e+08,6136.4,4065,6126,
IC1709,20170324,20170323,17:41:30,0,6186.4,186,6189.8,6139.4,6142,-1,1.23245e+06,6186.8,1,6179,3,6738.65513.44025,2.29236e+08,6136.4,4065,6126,
IC1709,20170324,20170323,17:41:30,500,6186.4,186,6189.8,6139.4,6142,-1,1.23245e+06,6186.8,1,6179.4,3,6738.65513.44025,2.29236e+08,6136.4,4065,6126,
IC1709,20170324,20170323,17:41:31,0,6186.4,186,6189.8,6139.4,6142,-1,1.23245e+06,6186.8,1,6179.6,1,6738.65513.44025,2.29236e+08,6136.4,4065,6126,
IC1709,20170324,20170323,17:41:31,500,6186.4,186,6189.8,6139.4,6142,-1,1.23245e+06,6186.8,1,6179.8,3,6738.65513.44025,2.29236e+08,6136.4,4065,6126,
IC1709,20170324,20170323,17:41:32,0,6186.4,186,6189.8,6139.4,6142,-1,1.23245e+06,6186.8,1,6180,1,6738.65513.44025,2.29236e+08,6136.4,4065,6126,
IC1709,20170324,20170323,17:41:32,500,6186.4,186,6189.8,6139.4,6142,-1,1.23245e+06,6186.6,1,6180.2,2,6738.65513.44025,2.29236e+08,6136.4,4065,6126,
IC1709,20170324,20170323,21:47:35,500,6211,342,6236.2,6139.4,6142,-1,1.23621e+06,6213.8,1,6210.2,1,6738.65513.44082,4.22785e+08,6136.4,4065,6126,
IC1709,20170324,20170323,21:47:36,0,6211,342,6236.2,6139.4,6142,-1,1.23621e+06,6213.4,1,6210.2,1,6738.65513.44082,4.22785e+08,6136.4,4065,6126,
IC1709,20170324,20170323,21:47:36,500,6211,342,6236.2,6139.4,6142,-1,1.23621e+06,6213.4,1,6210.2,1,6738.65513.44082,4.22785e+08,6136.4,4065,6126,
IC1709,20170324,20170323,21:47:37,0,6211,342,6236.2,6139.4,6142,-1,1.23621e+06,6213.4,1,6210.2,1,6738.65513.44082,4.22785e+08,6136.4,4065,6126,
IC1709,20170324,20170323,21:47:38,500,6211,342,6236.2,6139.4,6142,-1,1.23621e+06,6213.4,1,6210.2,1,6738.65513.44082,4.22785e+08,6136.4,4065,6126,
IC1709,20170324,20170323,21:47:41,500,6210.2,343,6236.2,6139.4,6142,-1,1.23623e+06,6215,1,6211.8,1,6738.65513.44082,4.24027e+08,6136.4,4065,6126,
IC1709,20170324,20170323,21:47:42,0,6210.2,343,6236.2,6139.4,6142,-1,1.23623e+06,6215,1,6208.2,1,6738.65513.44082,4.24027e+08,6136.4,4065,6126,
IC1709,20170324,20170323,21:47:42,500,6210.2,343,6236.2,6139.4,6142,-1,1.23623e+06,6214.8,1,6211.8,1,6738.65513.44082,4.24027e+08,6136.4,4065,6126,
IC1709,20170324,20170323,21:47:43,0,6210.2,343,6236.2,6139.4,6142,-1,1.23623e+06,6215,1,6208.2,1,6738.65513.44082,4.24027e+08,6136.4,4065,6126,
IC1709,20170324,20170323,21:47:43,500,6210.2,343,6236.2,6139.4,6142,-1,1.23623e+06,6215,1,6212,1,6738.65513.44082,4.24027e+08,6136.4,4065,6126,
IC1709,20170324,20170323,21:47:44,0,6210.2,343,6236.2,6139.4,6142,-1,1.23623e+06,6215,1,6208.2,1,6738.65513.44082,4.24027e+08,6136.4,4065,6126,
IC1709,20170324,20170323,21:47:44,500,6210.2,343,6236.2,6139.4,6142,-1,1.23623e+06,6214.8,1,6212,1,6738.65513.44082,4.24027e+08,6136.4,4065,6126,
IC1709,20170324,20170323,21:47:45,0,6210.2,343,6236.2,6139.4,6142,-1,1.23623e+06,6215,1,6208.2,1,6738.65513.44082,4.24027e+08,6136.4,4065,6126,
IC1709,20170324,20170323,21:47:45,500,6210.2,343,6236.2,6139.4,6142,-1,1.23623e+06,6215,1,6211.8,1,6738.65513.44082,4.24027e+08,6136.4,4065,6126,
IC1709,20170324,20170323,21:47:46,0,6210.2,343,6236.2,6139.4,6142,-1,1.23623e+06,6215,1,6208.2,1,6738.65513.44082,4.24027e+08,6136.4,4065,6126,
IC1709,20170324,20170323,21:47:46,500,6210.2,343,6236.2,6139.4,6142,-1,1.23623e+06,6214.8,1,6211.8,1,6738.65513.44082,4.24027e+08,6136.4,4065,6126,
IC1709,20170324,20170323,21:47:47,0,6210.2,343,6236.2,6139.4,6142,-1,1.23623e+06,6215,1,6211.8,1,6738.65513.44082,4.24027e+08,6136.4,4065,6126,
IC1709,20170324,20170323,21:47:48,0,6210.2,343,6236.2,6139.4,6142,-1,1.23623e+06,6215,1,6211.8,1,6738.65513.44082,4.24027e+08,6136.4,4065,6126,
IC1709,20170324,20170323,21:47:51,500,6211.8,344,6236.2,6139.4,6142,-1,1.23625e+06,6215,1,6209,1,6738.65513.44081,4.25269e+08,6136.4,4065,6126,
IC1709,20170324,20170323,21:47:54,0,6211.8,344,6236.2,6139.4,6142,-1,1.23625e+06,6215,1,6209.2,1,6738.65513.44081,4.25269e+08,6136.4,4065,6126,
IC1709,20170324,20170323,21:47:57,0,6211.8,344,6236.2,6139.4,6142,-1,1.23625e+06,6215,1,6209.2,1,6738.65513.44081,4.25269e+08,6136.4,4065,6126,
IC1709,20170324,20170323,21:47:57,500,6211.8,344,6236.2,6139.4,6142,-1,1.23625e+06,6215,1,6209.4,1,6738.65513.44081,4.25269e+08,6136.4,4065,6126,
IC1709,20170324,20170323,21:48:00,0,6211.8,344,6236.2,6139.4,6142,-1,1.23625e+06,6215,1,6209.8,1,6738.65513.44081,4.25269e+08,6136.4,4065,6126,
IC1709,20170324,20170323,21:48:04,0,6211.8,344,6236.2,6139.4,6142,-1,1.23625e+06,6215,1,6209.8,1,6738.65513.44081,4.25269e+08,6136.4,4065,6126,
IC1709,20170324,20170323,21:48:11,500,6211.8,344,6236.2,6139.4,6142,-1,1.23625e+06,6212,1,6209.8,1,6738.65513.44081,4.25269e+08,6136.4,4065,6126,
IC1709,20170324,20170323,21:48:12,0,6212,345,6236.2,6139.4,6142,-1,1.23627e+06,6215,1,6211,1,6738.65513.44081,4.26512e+08,6136.4,4065,6126,
IC1709,20170324,20170323,21:48:12,500,6212,345,6236.2,6139.4,6142,-1,1.23627e+06,6214.8,2,6211,1,6738.65513.44081,4.26512e+08,6136.4,4065,6126,
IC1709,20170324,20170323,21:48:14,0,6212,345,6236.2,6139.4,6142,-1,1.23627e+06,6214.8,2,6211,1,6738.65513.44081,4.26512e+08,6136.4,4065,6126,
IC1709,20170324,20170323,21:48:15,0,6211,346,6236.2,6139.4,6142,-1,1.23628e+06,6214.8,2,6208.2,1,6738.65513.44081,4.27754e+08,6136.4,4065,6126,
IC1709,20170324,20170323,21:48:15,500,6215,347,6236.2,6139.4,6142,-1,1.2363e+06,6217,1,6208.2,1,6738.65513.44081,4.28997e+08,6136.4,4065,6126,
IC1709,20170324,20170323,21:48:16,0,6208.4,348,6236.2,6139.4,6142,-1,1.23632e+06,6214,1,6208.2,1,6738.65513.44082,4.30238e+08,6136.4,4065,6126,
IC1709,20170324,20170323,21:48:16,500,6208.4,348,6236.2,6139.4,6142,-1,1.23632e+06,6213.8,1,6208.2,1,6738.65513.44082,4.30238e+08,6136.4,4065,6126,
IC1709,20170324,20170323,21:48:17,500,6208.4,348,6236.2,6139.4,6142,-1,1.23632e+06,6213.8,1,6208.4,1,6738.65513.44082,4.30238e+08,6136.4,4065,6126,
IC1709,20170324,20170323,21:48:18,500,6208.4,348,6236.2,6139.4,6142,-1,1.23632e+06,6213.8,1,6208.6,1,6738.65513.44082,4.30238e+08,6136.4,4065,6126,
IC1709,20170324,20170323,21:48:19,500,6208.4,348,6236.2,6139.4,6142,-1,1.23632e+06,6213.8,1,6208.6,1,6738.65513.44082,4.30238e+08,6136.4,4065,6126,
IC1709,20170324,20170323,21:48:20,0,6208.4,348,6236.2,6139.4,6142,-1,1.23632e+06,6213.8,1,6208.6,1,6738.65513.44082,4.30238e+08,6136.4,4065,6126,
IC1709,20170324,20170323,21:48:20,500,6208.4,348,6236.2,6139.4,6142,-1,1.23632e+06,6213.8,1,6208.8,1,6738.65513.44082,4.30238e+08,6136.4,4065,6126,
IC1709,20170324,20170323,21:48:21,0,6208.4,348,6236.2,6139.4,6142,-1,1.23632e+06,6213.8,1,6208.8,1,6738.65513.44082,4.30238e+08,6136.4,4065,6126,
IC1709,20170324,20170323,21:48:21,500,6208.4,349,6236.2,6139.4,6142,-1,1.23633e+06,6213.8,1,6208.2,1,6738.65513.44082,4.3148e+08,6136.4,4065,6126,
IC1709,20170324,20170323,21:48:22,500,6208.4,349,6236.2,6139.4,6142,-1,1.23633e+06,6213.8,1,6208.2,1,6738.65513.44082,4.3148e+08,6136.4,4065,6126,
IC1709,20170324,20170323,21:48:25,0,6208.4,349,6236.2,6139.4,6142,-1,1.23633e+06,6213.8,1,6208.2,1,6738.65513.44082,4.3148e+08,6136.4,4065,6126,
IC1709,20170324,20170323,21:48:27,500,6208.4,349,6236.2,6139.4,6142,-1,1.23633e+06,6213.8,1,6208.4,1,6738.65513.44082,4.3148e+08,6136.4,4065,6126,
IC1709,20170324,20170323,21:48:28,0,6208.4,349,6236.2,6139.4,6142,-1,1.23633e+06,6213.8,1,6208.6,1,6738.65513.44082,4.3148e+08,6136.4,4065,6126,
IC1709,20170324,20170323,21:48:28,500,6208.4,349,6236.2,6139.4,6142,-1,1.23633e+06,6213.8,1,6208.8,1,6738.65513.44082,4.3148e+08,6136.4,4065,6126,
IC1709,20170324,20170323,21:48:30,0,6208.4,349,6236.2,6139.4,6142,-1,1.23633e+06,6213.8,1,6209.4,1,6738.65513.44082,4.3148e+08,6136.4,4065,6126,
IC1709,20170324,20170323,21:48:30,500,6208.4,349,6236.2,6139.4,6142,-1,1.23633e+06,6213.8,1,6209.6,1,6738.65513.44082,4.3148e+08,6136.4,4065,6126,
IC1709,20170324,20170323,21:48:31,0,6208.4,349,6236.2,6139.4,6142,-1,1.23633e+06,6213.8,1,6209.6,1,6738.65513.44082,4.3148e+08,6136.4,4065,6126,
IC1709,20170324,20170323,21:48:33,500,6208.4,349,6236.2,6139.4,6142,-1,1.23633e+06,6213.8,1,6209.6,1,6738.65513.44082,4.3148e+08,6136.4,4065,6126,
IC1709,20170324,20170323,21:48:34,500,6208.4,349,6236.2,6139.4,6142,-1,1.23633e+06,6213.8,1,6210,1,6738.65513.44082,4.3148e+08,6136.4,4065,6126,
IC1709,20170324,20170323,21:48:35,0,6208.4,349,6236.2,6139.4,6142,-1,1.23633e+06,6213.8,1,6210.2,2,6738.65513.44082,4.3148e+08,6136.4,4065,6126,
IC1709,20170324,20170323,21:48:46,0,6208.4,349,6236.2,6139.4,6142,-1,1.23633e+06,6213.8,1,6210.4,1,6738.65513.44082,4.3148e+08,6136.4,4065,6126,
IC1709,20170324,20170323,21:48:46,500,6208.4,349,6236.2,6139.4,6142,-1,1.23633e+06,6214.6,1,6210.6,1,6738.65513.44082,4.3148e+08,6136.4,4065,6126,
IC1709,20170324,20170323,21:48:47,0,6208.4,349,6236.2,6139.4,6142,-1,1.23633e+06,6214.4,1,6210.6,1,6738.65513.44082,4.3148e+08,6136.4,4065,6126,
IC1709,20170324,20170323,21:48:51,0,6208.4,349,6236.2,6139.4,6142,-1,1.23633e+06,6214.4,1,6210.2,1,6738.65513.44082,4.3148e+08,6136.4,4065,6126,
IC1709,20170324,20170323,21:48:51,500,6208.4,349,6236.2,6139.4,6142,-1,1.23633e+06,6214.4,1,6211.2,1,6738.65513.44082,4.3148e+08,6136.4,4065,6126,
IC1709,20170324,20170323,21:48:52,0,6208.4,349,6236.2,6139.4,6142,-1,1.23633e+06,6214.6,1,6211.2,1,6738.65513.44082,4.3148e+08,6136.4,4065,6126,
IC1709,20170324,20170323,21:48:54,0,6208.4,349,6236.2,6139.4,6142,-1,1.23633e+06,6214.6,1,6211.2,1,6738.65513.44082,4.3148e+08,6136.4,4065,6126,
IC1709,20170324,20170323,21:48:57,0,6208.4,349,6236.2,6139.4,6142,-1,1.23633e+06,6214.6,1,6211.4,1,6738.65513.44082,4.3148e+08,6136.4,4065,6126,
IC1709,20170324,20170323,21:48:58,0,6208.4,349,6236.2,6139.4,6142,-1,1.23633e+06,6214.6,1,6211.6,1,6738.65513.44082,4.3148e+08,6136.4,4065,6126,
IC1709,20170324,20170323,21:48:58,500,6208.4,349,6236.2,6139.4,6142,-1,1.23633e+06,6214.6,1,6211.8,2,6738.65513.44082,4.3148e+08,6136.4,4065,6126,
IC1709,20170324,20170323,21:48:59,500,6208.4,349,6236.2,6139.4,6142,-1,1.23633e+06,6214.6,1,6211.8,2,6738.65513.44082,4.3148e+08,6136.4,4065,6126,
IC1709,20170324,20170323,21:49:03,500,6208.4,349,6236.2,6139.4,6142,-1,1.23633e+06,6214.6,1,6212.8,1,6738.65513.44082,4.3148e+08,6136.4,4065,6126,
IC1709,20170324,20170323,21:49:04,0,6213,350,6236.2,6139.4,6142,-1,1.23635e+06,6213,1,6212.8,1,6738.65513.44083,4.32723e+08,6136.4,4065,6126,
IC1709,20170324,20170323,21:49:04,500,6213,351,6236.2,6139.4,6142,-1,1.23637e+06,6214.6,1,6212.8,1,6738.65513.44083,4.33965e+08,6136.4,4065,6126,
IC1709,20170324,20170323,21:49:05,0,6214.6,352,6236.2,6139.4,6142,-1,1.23639e+06,6227,1,6212.8,1,6738.65513.44083,4.35208e+08,6136.4,4065,6126,
IC1709,20170324,20170323,21:49:05,500,6214.6,352,6236.2,6139.4,6142,-1,1.23639e+06,6226.6,3,6213,1,6738.65513.44083,4.35208e+08,6136.4,4065,6126,
IC1709,20170324,20170323,21:49:06,0,6214.6,352,6236.2,6139.4,6142,-1,1.23639e+06,6226.4,1,6213,1,6738.65513.44083,4.35208e+08,6136.4,4065,6126,
IC1709,20170324,20170323,21:49:06,500,6214.6,352,6236.2,6139.4,6142,-1,1.23639e+06,6222.8,1,6213,1,6738.65513.44083,4.35208e+08,6136.4,4065,6126,
IC1709,20170324,20170323,21:49:07,0,6214.6,352,6236.2,6139.4,6142,-1,1.23639e+06,6222.4,3,6213,1,6738.65513.44083,4.35208e+08,6136.4,4065,6126,
IC1709,20170324,20170323,21:49:07,500,6214.6,352,6236.2,6139.4,6142,-1,1.23639e+06,6221.6,1,6213,1,6738.65513.44083,4.35208e+08,6136.4,4065,6126,
IC1709,20170324,20170323,21:49:08,0,6214.6,352,6236.2,6139.4,6142,-1,1.23639e+06,6220,1,6213,1,6738.65513.44083,4.35208e+08,6136.4,4065,6126,
IC1709,20170324,20170323,21:49:08,500,6214.6,352,6236.2,6139.4,6142,-1,1.23639e+06,6219.8,2,6213,1,6738.65513.44083,4.35208e+08,6136.4,4065,6126,
IC1709,20170324,20170323,21:49:09,0,6214.6,352,6236.2,6139.4,6142,-1,1.23639e+06,6219.8,3,6213,1,6738.65513.44083,4.35208e+08,6136.4,4065,6126,
IC1709,20170324,20170323,21:49:09,500,6214.6,352,6236.2,6139.4,6142,-1,1.23639e+06,6219.6,1,6213,1,6738.65513.44083,4.35208e+08,6136.4,4065,6126,
IC1709,20170324,20170323,21:49:10,0,6214.6,352,6236.2,6139.4,6142,-1,1.23639e+06,6219.4,1,6213,1,6738.65513.44083,4.35208e+08,6136.4,4065,6126,
IC1709,20170324,20170323,21:49:10,500,6214.6,352,6236.2,6139.4,6142,-1,1.23639e+06,6219.2,1,6213.6,1,6738.65513.44083,4.35208e+08,6136.4,4065,6126,
IC1709,20170324,20170323,21:49:11,0,6214.6,352,6236.2,6139.4,6142,-1,1.23639e+06,6219,1,6213.6,1,6738.65513.44083,4.35208e+08,6136.4,4065,6126,
IC1709,20170324,20170323,21:49:11,500,6214.6,352,6236.2,6139.4,6142,-1,1.23639e+06,6219,1,6213.6,1,6738.65513.44083,4.35208e+08,6136.4,4065,6126,
IC1709,20170324,20170323,21:49:12,500,6214.6,352,6236.2,6139.4,6142,-1,1.23639e+06,6219,1,6213.6,1,6738.65513.44083,4.35208e+08,6136.4,4065,6126,
IC1709,20170324,20170323,21:49:15,500,6214.6,352,6236.2,6139.4,6142,-1,1.23639e+06,6218.8,1,6213.6,1,6738.65513.44083,4.35208e+08,6136.4,4065,6126,
IC1709,20170324,20170323,21:49:16,0,6214.6,352,6236.2,6139.4,6142,-1,1.23639e+06,6218.6,1,6213.6,1,6738.65513.44083,4.35208e+08,6136.4,4065,6126,
IC1709,20170324,20170323,21:49:16,500,6214.6,352,6236.2,6139.4,6142,-1,1.23639e+06,6218.6,1,6213.6,1,6738.65513.44083,4.35208e+08,6136.4,4065,6126,
IC1709,20170324,20170323,21:49:20,500,6218.6,353,6236.2,6139.4,6142,-1,1.23641e+06,6221.6,1,6213.6,1,6738.65513.44083,4.36452e+08,6136.4,4065,6126,
IC1709,20170324,20170323,21:49:21,0,6218.6,353,6236.2,6139.4,6142,-1,1.23641e+06,6221.4,4,6213.6,1,6738.65513.44083,4.36452e+08,6136.4,4065,6126,
IC1709,20170324,20170323,21:49:22,0,6218.6,353,6236.2,6139.4,6142,-1,1.23641e+06,6221.4,4,6213.6,1,6738.65513.44083,4.36452e+08,6136.4,4065,6126,
IC1709,20170324,20170323,21:49:22,500,6218.6,353,6236.2,6139.4,6142,-1,1.23641e+06,6219.4,2,6213.6,1,6738.65513.44083,4.36452e+08,6136.4,4065,6126,
IC1709,20170324,20170323,21:49:23,0,6218.6,353,6236.2,6139.4,6142,-1,1.23641e+06,6219.4,2,6213.6,1,6738.65513.44083,4.36452e+08,6136.4,4065,6126,
IC1709,20170324,20170323,21:49:23,500,6218.6,353,6236.2,6139.4,6142,-1,1.23641e+06,6219.2,1,6213.6,1,6738.65513.44083,4.36452e+08,6136.4,4065,6126,
IC1709,20170324,20170323,21:49:28,0,6218.6,353,6236.2,6139.4,6142,-1,1.23641e+06,6219.2,1,6213.6,1,6738.65513.44083,4.36452e+08,6136.4,4065,6126,
IC1709,20170324,20170323,21:49:36,0,6218.6,353,6236.2,6139.4,6142,-1,1.23641e+06,6219,1,6213.6,1,6738.65513.44083,4.36452e+08,6136.4,4065,6126,
IC1709,20170324,20170323,21:49:36,500,6218.6,353,6236.2,6139.4,6142,-1,1.23641e+06,6219,1,6213.6,1,6738.65513.44083,4.36452e+08,6136.4,4065,6126,
IC1709,20170324,20170323,21:49:37,0,6218.6,353,6236.2,6139.4,6142,-1,1.23641e+06,6218.8,1,6213.6,1,6738.65513.44083,4.36452e+08,6136.4,4065,6126,
IC1709,20170324,20170323,21:49:37,500,6218.6,353,6236.2,6139.4,6142,-1,1.23641e+06,6219,1,6213.6,1,6738.65513.44083,4.36452e+08,6136.4,4065,6126,
IC1709,20170324,20170323,21:49:38,500,6218.6,353,6236.2,6139.4,6142,-1,1.23641e+06,6218.8,1,6213.6,1,6738.65513.44083,4.36452e+08,6136.4,4065,6126,
IC1709,20170324,20170323,21:49:40,500,6218.6,353,6236.2,6139.4,6142,-1,1.23641e+06,6218.6,1,6213.6,1,6738.65513.44083,4.36452e+08,6136.4,4065,6126,
IC1709,20170324,20170323,21:49:41,0,6218.6,353,6236.2,6139.4,6142,-1,1.23641e+06,6218.6,1,6213.6,1,6738.65513.44083,4.36452e+08,6136.4,4065,6126,
IC1709,20170324,20170323,21:49:41,500,6218.6,353,6236.2,6139.4,6142,-1,1.23641e+06,6218.4,1,6213.6,1,6738.65513.44083,4.36452e+08,6136.4,4065,6126,
IC1709,20170324,20170323,21:49:44,500,6218.6,353,6236.2,6139.4,6142,-1,1.23641e+06,6217,1,6213.6,1,6738.65513.44083,4.36452e+08,6136.4,4065,6126,
IC1709,20170324,20170323,21:49:45,0,6218.6,353,6236.2,6139.4,6142,-1,1.23641e+06,6217,1,6213.6,1,6738.65513.44083,4.36452e+08,6136.4,4065,6126,
IC1709,20170324,20170323,21:49:46,0,6218.6,353,6236.2,6139.4,6142,-1,1.23641e+06,6217,1,6213.6,1,6738.65513.44083,4.36452e+08,6136.4,4065,6126,
