IF1709,20170324,20170324,00:56:00,500,3358,671,3368,3313.6,3313.6,-1,1.00055e+06,3358,1,3356.6,2,3635.62974.84131,6.71367e+08,3313.6,4026,3305.2,
IF1709,20170324,20170323,17:36:04,500,3335,327,3335,3313.6,3313.6,-1,996769,3337,1,3335,1,3635.62974.83989,3.25943e+08,3313.6,4026,3305.2,
IF1709,20170324,20170323,17:36:05,0,3335,327,3335,3313.6,3313.6,-1,996769,3336.8,2,3335,1,3635.62974.83989,3.25943e+08,3313.6,4026,3305.2,
IF1709,20170324,20170323,17:36:05,500,3335,327,3335,3313.6,3313.6,-1,996769,3337,1,3335,1,3635.62974.83989,3.25943e+08,3313.6,4026,3305.2,
IF1709,20170324,20170323,17:36:06,0,3335,327,3335,3313.6,3313.6,-1,996769,3337,1,3335,1,3635.62974.83989,3.25943e+08,3313.6,4026,3305.2,
IF1709,20170324,20170323,17:36:07,0,3335,327,3335,3313.6,3313.6,-1,996769,3336.8,1,3335,1,3635.62974.83989,3.25943e+08,3313.6,4026,3305.2,
IF1709,20170324,20170323,17:36:12,500,3335,327,3335,3313.6,3313.6,-1,996769,3336.6,2,3335,1,3635.62974.83989,3.25943e+08,3313.6,4026,3305.2,
IF1709,20170324,20170323,17:36:13,0,3335,327,3335,3313.6,3313.6,-1,996769,3336.6,2,3333.8,1,3635.62974.83989,3.25943e+08,3313.6,4026,3305.2,
IF1709,20170324,20170323,17:36:13,500,3335,327,3335,3313.6,3313.6,-1,996769,3336.4,1,3333.8,1,3635.62974.83989,3.25943e+08,3313.6,4026,3305.2,
IF1709,20170324,20170323,17:36:14,0,3335,327,3335,3313.6,3313.6,-1,996769,3336.2,2,3333.8,1,3635.62974.83989,3.25943e+08,3313.6,4026,3305.2,
IF1709,20170324,20170323,17:36:16,0,3335,327,3335,3313.6,3313.6,-1,996769,3336.2,2,3333.2,1,3635.62974.83989,3.25943e+08,3313.6,4026,3305.2,
IF1709,20170324,20170323,17:36:16,500,3335,327,3335,3313.6,3313.6,-1,996769,3336.2,2,3333.4,1,3635.62974.83989,3.25943e+08,3313.6,4026,3305.2,
IF1709,20170324,20170323,17:36:18,500,3335,327,3335,3313.6,3313.6,-1,996769,3336,1,3333.4,1,3635.62974.83989,3.25943e+08,3313.6,4026,3305.2,
IF1709,20170324,20170323,17:36:19,0,3335,327,3335,3313.6,3313.6,-1,996769,3336,1,3333.4,1,3635.62974.83989,3.25943e+08,3313.6,4026,3305.2,
IF1709,20170324,20170323,17:36:20,0,3337,329,3337,3313.6,3313.6,-1,996794,3340,2,3333.4,1,3635.62974.83990,3.27945e+08,3313.6,4026,3305.2,
IF1709,20170324,20170323,17:36:20,500,3337,329,3337,3313.6,3313.6,-1,996794,3339.4,3,3333.4,1,3635.62974.83990,3.27945e+08,3313.6,4026,3305.2,
IF1709,20170324,20170323,17:36:21,0,3337,329,3337,3313.6,3313.6,-1,996794,3339.2,1,3333.4,1,3635.62974.83990,3.27945e+08,3313.6,4026,3305.2,
IF1709,20170324,20170323,17:36:21,500,3337,329,3337,3313.6,3313.6,-1,996794,3338.8,4,3333.4,1,3635.62974.83990,3.27945e+08,3313.6,4026,3305.2,
IF1709,20170324,20170323,17:36:22,0,3337,329,3337,3313.6,3313.6,-1,996794,3337,1,3333.4,1,3635.62974.83990,3.27945e+08,3313.6,4026,3305.2,
IF1709,20170324,20170323,17:36:22,500,3337,329,3337,3313.6,3313.6,-1,996794,3336.6,3,3333.4,1,3635.62974.83990,3.27945e+08,3313.6,4026,3305.2,
IF1709,20170324,20170323,17:36:23,0,3337,329,3337,3313.6,3313.6,-1,996794,3336.4,3,3333.4,1,3635.62974.83990,3.27945e+08,3313.6,4026,3305.2,
IF1709,20170324,20170323,17:36:24,0,3337,329,3337,3313.6,3313.6,-1,996794,3336.4,3,3333.4,1,3635.62974.83990,3.27945e+08,3313.6,4026,3305.2,
IF1709,20170324,20170323,17:36:26,0,3337,329,3337,3313.6,3313.6,-1,996794,3336.2,1,3333.4,1,3635.62974.83990,3.27945e+08,3313.6,4026,3305.2,
IF1709,20170324,20170323,17:36:26,500,3337,329,3337,3313.6,3313.6,-1,996794,3336,2,3333.4,2,3635.62974.83990,3.27945e+08,3313.6,4026,3305.2,
IF1709,20170324,20170323,17:36:28,0,3337,329,3337,3313.6,3313.6,-1,996794,3335.8,1,3333.4,2,3635.62974.83990,3.27945e+08,3313.6,4026,3305.2,
IF1709,20170324,20170323,17:36:28,500,3337,329,3337,3313.6,3313.6,-1,996794,3335.6,2,3333.4,2,3635.62974.83990,3.27945e+08,3313.6,4026,3305.2,
IF1709,20170324,20170323,17:36:32,500,3337,329,3337,3313.6,3313.6,-1,996794,3335.6,2,3333.6,1,3635.62974.83990,3.27945e+08,3313.6,4026,3305.2,
IF1709,20170324,20170323,17:36:34,0,3337,329,3337,3313.6,3313.6,-1,996794,3335.6,2,3333.6,1,3635.62974.83990,3.27945e+08,3313.6,4026,3305.2,
IF1709,20170324,20170323,17:36:35,0,3337,329,3337,3313.6,3313.6,-1,996794,3335.6,2,3335,1,3635.62974.83990,3.27945e+08,3313.6,4026,3305.2,
IF1709,20170324,20170323,17:36:35,500,3335,330,3337,3313.6,3313.6,-1,996805,3335.6,2,3333.6,1,3635.62974.83991,3.28946e+08,3313.6,4026,3305.2,
IF1709,20170324,20170323,17:36:41,0,3335,330,3337,3313.6,3313.6,-1,996805,3335.8,1,3333.6,1,3635.62974.83991,3.28946e+08,3313.6,4026,3305.2,
IF1709,20170324,20170323,17:36:46,0,3335,330,3337,3313.6,3313.6,-1,996805,3337,1,3333.6,1,3635.62974.83991,3.28946e+08,3313.6,4026,3305.2,
IF1709,20170324,20170323,17:36:46,500,3335,330,3337,3313.6,3313.6,-1,996805,3336.8,2,3333.6,1,3635.62974.83991,3.28946e+08,3313.6,4026,3305.2,
IF1709,20170324,20170323,17:36:47,0,3335,330,3337,3313.6,3313.6,-1,996805,3336.8,2,3333.8,4,3635.62974.83991,3.28946e+08,3313.6,4026,3305.2,
IF1709,20170324,20170323,17:36:48,0,3335,330,3337,3313.6,3313.6,-1,996805,3336.8,2,3333.8,5,3635.62974.83991,3.28946e+08,3313.6,4026,3305.2,
IF1709,20170324,20170323,17:36:48,500,3335,330,3337,3313.6,3313.6,-1,996805,3336.8,2,3333.8,5,3635.62974.83991,3.28946e+08,3313.6,4026,3305.2,
IF1709,20170324,20170323,17:36:49,0,3335,330,3337,3313.6,3313.6,-1,996805,3336.8,2,3333.8,4,3635.62974.83991,3.28946e+08,3313.6,4026,3305.2,
IF1709,20170324,20170323,17:36:49,500,3335,330,3337,3313.6,3313.6,-1,996805,3336.8,2,3333.8,4,3635.62974.83991,3.28946e+08,3313.6,4026,3305.2,
IF1709,20170324,20170323,17:36:52,500,3335,330,3337,3313.6,3313.6,-1,996805,3336.8,2,3333.8,4,3635.62974.83991,3.28946e+08,3313.6,4026,3305.2,
IF1709,20170324,20170323,17:36:53,500,3335,330,3337,3313.6,3313.6,-1,996805,3336.8,2,3334,1,3635.62974.83991,3.28946e+08,3313.6,4026,3305.2,
IF1709,20170324,20170323,17:36:54,0,3335,330,3337,3313.6,3313.6,-1,996805,3336.8,2,3334.2,1,3635.62974.83991,3.28946e+08,3313.6,4026,3305.2,
IF1709,20170324,20170323,17:37:03,0,3335,330,3337,3313.6,3313.6,-1,996805,3336.6,1,3334.2,1,3635.62974.83991,3.28946e+08,3313.6,4026,3305.2,
IF1709,20170324,20170323,17:37:03,500,3335,330,3337,3313.6,3313.6,-1,996805,3336.4,1,3334.2,1,3635.62974.83991,3.28946e+08,3313.6,4026,3305.2,
IF1709,20170324,20170323,17:37:10,500,3335,330,3337,3313.6,3313.6,-1,996805,3336.2,1,3334.2,1,3635.62974.83991,3.28946e+08,3313.6,4026,3305.2,
IF1709,20170324,20170323,17:37:11,0,3335,330,3337,3313.6,3313.6,-1,996805,3336.2,1,3334.2,1,3635.62974.83991,3.28946e+08,3313.6,4026,3305.2,
IF1709,20170324,20170323,17:37:11,500,3335,330,3337,3313.6,3313.6,-1,996805,3336.2,1,3334.2,1,3635.62974.83991,3.28946e+08,3313.6,4026,3305.2,
IF1709,20170324,20170323,17:37:20,500,3336.2,331,3337,3313.6,3313.6,-1,996818,3340,2,3334.2,1,3635.62974.83991,3.29947e+08,3313.6,4026,3305.2,
IF1709,20170324,20170323,17:37:21,0,3336.2,331,3337,3313.6,3313.6,-1,996818,3339.6,3,3334.2,1,3635.62974.83991,3.29947e+08,3313.6,4026,3305.2,
IF1709,20170324,20170323,17:37:22,500,3336.2,331,3337,3313.6,3313.6,-1,996818,3338.8,1,3334.2,1,3635.62974.83991,3.29947e+08,3313.6,4026,3305.2,
IF1709,20170324,20170323,17:37:23,0,3336.2,331,3337,3313.6,3313.6,-1,996818,3338.6,3,3334.2,1,3635.62974.83991,3.29947e+08,3313.6,4026,3305.2,
IF1709,20170324,20170323,17:37:23,500,3336.2,331,3337,3313.6,3313.6,-1,996818,3338.6,3,3334.2,1,3635.62974.83991,3.29947e+08,3313.6,4026,3305.2,
IF1709,20170324,20170323,17:37:24,0,3336.2,331,3337,3313.6,3313.6,-1,996818,3338,3,3334.2,1,3635.62974.83991,3.29947e+08,3313.6,4026,3305.2,
IF1709,20170324,20170323,17:37:24,500,3336.2,331,3337,3313.6,3313.6,-1,996818,3338,3,3334.2,1,3635.62974.83991,3.29947e+08,3313.6,4026,3305.2,
IF1709,20170324,20170323,17:37:26,0,3336.2,331,3337,3313.6,3313.6,-1,996818,3338,3,3334.2,1,3635.62974.83991,3.29947e+08,3313.6,4026,3305.2,
IF1709,20170324,20170323,17:37:27,0,3336.2,331,3337,3313.6,3313.6,-1,996818,3338,3,3334.4,1,3635.62974.83991,3.29947e+08,3313.6,4026,3305.2,
IF1709,20170324,20170323,17:37:28,0,3336.2,331,3337,3313.6,3313.6,-1,996818,3338,3,3334.6,1,3635.62974.83991,3.29947e+08,3313.6,4026,3305.2,
IF1709,20170324,20170323,17:37:28,500,3336.2,331,3337,3313.6,3313.6,-1,996818,3338,3,3334.8,1,3635.62974.83991,3.29947e+08,3313.6,4026,3305.2,
IF1709,20170324,20170323,17:37:29,0,3336.2,331,3337,3313.6,3313.6,-1,996818,3338,3,3334.8,1,3635.62974.83991,3.29947e+08,3313.6,4026,3305.2,
IF1709,20170324,20170323,17:37:29,500,3336.2,331,3337,3313.6,3313.6,-1,996818,3338,3,3335,1,3635.62974.83991,3.29947e+08,3313.6,4026,3305.2,
IF1709,20170324,20170323,17:37:30,0,3336.2,331,3337,3313.6,3313.6,-1,996818,3337.8,1,3335.2,1,3635.62974.83991,3.29947e+08,3313.6,4026,3305.2,
IF1709,20170324,20170323,17:37:30,500,3336.2,331,3337,3313.6,3313.6,-1,996818,3337.6,3,3335.4,1,3635.62974.83991,3.29947e+08,3313.6,4026,3305.2,
IF1709,20170324,20170323,17:37:31,500,3336.2,331,3337,3313.6,3313.6,-1,996818,3337.6,3,3335.4,1,3635.62974.83991,3.29947e+08,3313.6,4026,3305.2,
IF1709,20170324,20170323,17:37:32,0,3336.2,331,3337,3313.6,3313.6,-1,996818,3337.6,3,3335.4,1,3635.62974.83991,3.29947e+08,3313.6,4026,3305.2,
IF1709,20170324,20170323,17:37:32,500,3336.2,331,3337,3313.6,3313.6,-1,996818,3337.6,4,3335.6,1,3635.62974.83991,3.29947e+08,3313.6,4026,3305.2,
IF1709,20170324,20170323,17:37:33,500,3336.2,331,3337,3313.6,3313.6,-1,996818,3337.4,2,3335.6,1,3635.62974.83991,3.29947e+08,3313.6,4026,3305.2,
IF1709,20170324,20170323,17:37:37,500,3336.2,331,3337,3313.6,3313.6,-1,996818,3337.4,2,3335.6,1,3635.62974.83991,3.29947e+08,3313.6,4026,3305.2,
IF1709,20170324,20170323,17:37:39,500,3335.6,332,3337,3313.6,3313.6,-1,996829,3338.4,1,3335.4,1,3635.62974.83992,3.30947e+08,3313.6,4026,3305.2,
IF1709,20170324,20170323,17:37:40,500,3335.6,332,3337,3313.6,3313.6,-1,996829,3338.2,3,3335.4,1,3635.62974.83992,3.30947e+08,3313.6,4026,3305.2,
IF1709,20170324,20170323,17:37:41,500,3335.6,332,3337,3313.6,3313.6,-1,996829,3338.2,2,3335.4,1,3635.62974.83992,3.30947e+08,3313.6,4026,3305.2,
IF1709,20170324,20170323,17:37:42,0,3335.6,332,3337,3313.6,3313.6,-1,996829,3338,1,3335.6,3,3635.62974.83992,3.30947e+08,3313.6,4026,3305.2,
IF1709,20170324,20170323,17:37:42,500,3335.6,332,3337,3313.6,3313.6,-1,996829,3338,1,3335.8,1,3635.62974.83992,3.30947e+08,3313.6,4026,3305.2,
IF1709,20170324,20170323,17:37:43,0,3335.6,332,3337,3313.6,3313.6,-1,996829,3338.4,1,3336,1,3635.62974.83992,3.30947e+08,3313.6,4026,3305.2,
IF1709,20170324,20170323,17:37:43,500,3335.6,332,3337,3313.6,3313.6,-1,996829,3340,2,3336.2,1,3635.62974.83992,3.30947e+08,3313.6,4026,3305.2,
IF1709,20170324,20170323,17:37:44,0,3335.6,332,3337,3313.6,3313.6,-1,996829,3339.8,3,3336.2,1,3635.62974.83992,3.30947e+08,3313.6,4026,3305.2,
IF1709,20170324,20170323,17:37:45,0,3335.6,332,3337,3313.6,3313.6,-1,996829,3339.8,3,3336.2,1,3635.62974.83992,3.30947e+08,3313.6,4026,3305.2,
IF1709,20170324,20170323,17:37:45,500,3335.6,332,3337,3313.6,3313.6,-1,996829,3339.6,1,3336.2,1,3635.62974.83992,3.30947e+08,3313.6,4026,3305.2,
IF1709,20170324,20170323,17:37:46,0,3335.6,332,3337,3313.6,3313.6,-1,996829,3339.4,3,3336.2,1,3635.62974.83992,3.30947e+08,3313.6,4026,3305.2,
IF1709,20170324,20170323,17:37:47,500,3339.4,333,3339.4,3313.6,3313.6,-1,996844,3339.2,2,3336.2,1,3635.62974.83993,3.31949e+08,3313.6,4026,3305.2,
IF1709,20170324,20170323,17:37:48,0,3339.4,333,3339.4,3313.6,3313.6,-1,996844,3339.2,3,3336.2,1,3635.62974.83993,3.31949e+08,3313.6,4026,3305.2,
IF1709,20170324,20170323,17:37:48,500,3336.2,334,3339.4,3313.6,3313.6,-1,996856,3339.2,3,3336,1,3635.62974.83994,3.3295e+08,3313.6,4026,3305.2,
IF1709,20170324,20170323,17:37:49,0,3336.2,334,3339.4,3313.6,3313.6,-1,996856,3339,2,3336,1,3635.62974.83994,3.3295e+08,3313.6,4026,3305.2,
IF1709,20170324,20170323,17:37:49,500,3336.2,334,3339.4,3313.6,3313.6,-1,996856,3338.8,2,3336,1,3635.62974.83994,3.3295e+08,3313.6,4026,3305.2,
IF1709,20170324,20170323,17:37:50,0,3336.2,334,3339.4,3313.6,3313.6,-1,996856,3338.6,1,3336.2,1,3635.62974.83994,3.3295e+08,3313.6,4026,3305.2,
IF1709,20170324,20170323,17:37:50,500,3336.2,334,3339.4,3313.6,3313.6,-1,996856,3338.4,1,3336.2,1,3635.62974.83994,3.3295e+08,3313.6,4026,3305.2,
IF1709,20170324,20170323,17:37:51,0,3336.2,334,3339.4,3313.6,3313.6,-1,996856,3338.4,1,3336.2,1,3635.62974.83994,3.3295e+08,3313.6,4026,3305.2,
IF1709,20170324,20170323,17:37:51,500,3336.2,334,3339.4,3313.6,3313.6,-1,996856,3338.4,1,3336.2,1,3635.62974.83994,3.3295e+08,3313.6,4026,3305.2,
IF1709,20170324,20170323,17:37:52,0,3336.2,334,3339.4,3313.6,3313.6,-1,996856,3338.4,1,3336.2,1,3635.62974.83994,3.3295e+08,3313.6,4026,3305.2,
IF1709,20170324,20170323,17:37:53,500,3336.2,335,3339.4,3313.6,3313.6,-1,996868,3338.4,1,3336,1,3635.62974.83994,3.33951e+08,3313.6,4026,3305.2,
IF1709,20170324,20170323,17:37:54,0,3336.2,335,3339.4,3313.6,3313.6,-1,996868,3338.4,1,3336.2,1,3635.62974.83994,3.33951e+08,3313.6,4026,3305.2,
IF1709,20170324,20170323,17:37:54,500,3336.2,335,3339.4,3313.6,3313.6,-1,996868,3338.2,1,3336.2,1,3635.62974.83994,3.33951e+08,3313.6,4026,3305.2,
IF1709,20170324,20170323,17:37:55,0,3336.2,335,3339.4,3313.6,3313.6,-1,996868,3338.2,1,3336.2,2,3635.62974.83994,3.33951e+08,3313.6,4026,3305.2,
IF1709,20170324,20170323,17:37:55,500,3336.2,335,3339.4,3313.6,3313.6,-1,996868,3338.2,1,3336.2,2,3635.62974.83994,3.33951e+08,3313.6,4026,3305.2,
IF1709,20170324,20170323,17:37:56,0,3336.2,335,3339.4,3313.6,3313.6,-1,996868,3338.2,1,3336.4,1,3635.62974.83994,3.33951e+08,3313.6,4026,3305.2,
IF1709,20170324,20170323,17:37:56,500,3336.2,335,3339.4,3313.6,3313.6,-1,996868,3338.6,1,3336.4,1,3635.62974.83994,3.33951e+08,3313.6,4026,3305.2,
IF1709,20170324,20170323,17:37:57,500,3336.2,335,3339.4,3313.6,3313.6,-1,996868,3338.4,2,3336.4,1,3635.62974.83994,3.33951e+08,3313.6,4026,3305.2,
IF1709,20170324,20170323,17:37:59,500,3336.2,335,3339.4,3313.6,3313.6,-1,996868,3338.4,2,3336.2,2,3635.62974.83994,3.33951e+08,3313.6,4026,3305.2,
IF1709,20170324,20170323,17:38:01,0,3336.2,335,3339.4,3313.6,3313.6,-1,996868,3338.4,2,3336.4,1,3635.62974.83994,3.33951e+08,3313.6,4026,3305.2,
IF1709,20170324,20170323,17:38:03,0,3336.2,335,3339.4,3313.6,3313.6,-1,996868,3338.2,1,3336.4,1,3635.62974.83994,3.33951e+08,3313.6,4026,3305.2,
IF1709,20170324,20170323,17:38:03,500,3336.2,335,3339.4,3313.6,3313.6,-1,996868,3338,1,3336.4,1,3635.62974.83994,3.33951e+08,3313.6,4026,3305.2,
IF1709,20170324,20170323,17:38:04,500,3336.2,335,3339.4,3313.6,3313.6,-1,996868,3337.8,2,3336.4,1,3635.62974.83994,3.33951e+08,3313.6,4026,3305.2,
IF1709,20170324,20170323,17:38:05,500,3336.2,335,3339.4,3313.6,3313.6,-1,996868,3337.6,1,3336.4,1,3635.62974.83994,3.33951e+08,3313.6,4026,3305.2,
IF1709,20170324,20170323,17:38:06,500,3336.2,335,3339.4,3313.6,3313.6,-1,996868,3337.6,1,3336.2,1,3635.62974.83994,3.33951e+08,3313.6,4026,3305.2,
IF1709,20170324,20170323,17:38:10,0,3336.2,335,3339.4,3313.6,3313.6,-1,996868,3337.8,2,3336.2,1,3635.62974.83994,3.33951e+08,3313.6,4026,3305.2,
IF1709,20170324,20170323,17:38:16,0,3336.2,335,3339.4,3313.6,3313.6,-1,996868,3337.6,1,3336.2,1,3635.62974.83994,3.33951e+08,3313.6,4026,3305.2,
IF1709,20170324,20170323,17:38:17,0,3336.2,335,3339.4,3313.6,3313.6,-1,996868,3337.4,1,3336.2,1,3635.62974.83994,3.33951e+08,3313.6,4026,3305.2,
IF1709,20170324,20170323,17:38:18,0,3336.2,335,3339.4,3313.6,3313.6,-1,996868,3337.4,1,3336.2,1,3635.62974.83994,3.33951e+08,3313.6,4026,3305.2,
IF1709,20170324,20170323,17:38:18,500,3336.2,335,3339.4,3313.6,3313.6,-1,996868,3337.2,1,3336.2,1,3635.62974.83994,3.33951e+08,3313.6,4026,3305.2,
IF1709,20170324,20170323,17:38:19,500,3336.2,335,3339.4,3313.6,3313.6,-1,996868,3337.8,1,3336.2,1,3635.62974.83994,3.33951e+08,3313.6,4026,3305.2,
IF1709,20170324,20170323,17:38:20,500,3336.2,335,3339.4,3313.6,3313.6,-1,996868,3337.6,1,3336.2,1,3635.62974.83994,3.33951e+08,3313.6,4026,3305.2,
IF1709,20170324,20170323,17:38:21,0,3336.2,335,3339.4,3313.6,3313.6,-1,996868,3337.4,3,3336.2,1,3635.62974.83994,3.33951e+08,3313.6,4026,3305.2,
IF1709,20170324,20170323,17:38:21,500,3336.2,336,3339.4,3313.6,3313.6,-1,996880,3337.4,3,3333.8,1,3635.62974.83994,3.34952e+08,3313.6,4026,3305.2,
IF1709,20170324,20170323,17:38:22,0,3336.2,336,3339.4,3313.6,3313.6,-1,996880,3337.4,3,3334,1,3635.62974.83994,3.34952e+08,3313.6,4026,3305.2,
IF1709,20170324,20170323,17:38:23,0,3336.2,336,3339.4,3313.6,3313.6,-1,996880,3337.4,3,3334.2,1,3635.62974.83994,3.34952e+08,3313.6,4026,3305.2,
IF1709,20170324,20170323,17:38:23,500,3336.2,336,3339.4,3313.6,3313.6,-1,996880,3337.4,3,3334.2,1,3635.62974.83994,3.34952e+08,3313.6,4026,3305.2,
IF1709,20170324,20170323,17:38:24,500,3336.2,336,3339.4,3313.6,3313.6,-1,996880,3337.4,3,3334.2,1,3635.62974.83994,3.34952e+08,3313.6,4026,3305.2,
IF1709,20170324,20170323,17:38:25,0,3336.2,336,3339.4,3313.6,3313.6,-1,996880,3337.2,1,3334.2,1,3635.62974.83994,3.34952e+08,3313.6,4026,3305.2,
IF1709,20170324,20170323,17:38:25,500,3336.2,336,3339.4,3313.6,3313.6,-1,996880,3337,1,3334.2,1,3635.62974.83994,3.34952e+08,3313.6,4026,3305.2,
IF1709,20170324,20170323,17:38:26,500,3336.2,336,3339.4,3313.6,3313.6,-1,996880,3336.8,1,3334.4,2,3635.62974.83994,3.34952e+08,3313.6,4026,3305.2,
IF1709,20170324,20170323,17:38:27,500,3336.2,336,3339.4,3313.6,3313.6,-1,996880,3336.8,1,3334.4,2,3635.62974.83994,3.34952e+08,3313.6,4026,3305.2,
IF1709,20170324,20170323,17:38:30,0,3336.2,336,3339.4,3313.6,3313.6,-1,996880,3336.8,1,3334.4,2,3635.62974.83994,3.34952e+08,3313.6,4026,3305.2,
IF1709,20170324,20170323,17:38:34,0,3336.2,336,3339.4,3313.6,3313.6,-1,996880,3336.8,1,3335,1,3635.62974.83994,3.34952e+08,3313.6,4026,3305.2,
IF1709,20170324,20170323,17:38:34,500,3336.2,336,3339.4,3313.6,3313.6,-1,996880,3336.8,1,3335,1,3635.62974.83994,3.34952e+08,3313.6,4026,3305.2,
IF1709,20170324,20170323,17:38:43,0,3336.2,336,3339.4,3313.6,3313.6,-1,996880,3336.8,1,3335.2,1,3635.62974.83994,3.34952e+08,3313.6,4026,3305.2,
IF1709,20170324,20170323,17:38:55,0,3336.2,336,3339.4,3313.6,3313.6,-1,996880,3336.8,1,3335.2,1,3635.62974.83994,3.34952e+08,3313.6,4026,3305.2,
IF1709,20170324,20170323,17:39:04,500,3337.4,338,3339.4,3313.6,3313.6,-1,996905,3339,1,3335.2,1,3635.62974.83996,3.36954e+08,3313.6,4026,3305.2,
IF1709,20170324,20170323,17:39:05,0,3337.4,338,3339.4,3313.6,3313.6,-1,996905,3338.8,4,3335.2,1,3635.62974.83996,3.36954e+08,3313.6,4026,3305.2,
IF1709,20170324,20170323,17:39:05,500,3337.4,338,3339.4,3313.6,3313.6,-1,996905,3338.6,1,3335.2,1,3635.62974.83996,3.36954e+08,3313.6,4026,3305.2,
IF1709,20170324,20170323,17:39:06,0,3337.4,338,3339.4,3313.6,3313.6,-1,996905,3338.4,3,3335.2,1,3635.62974.83996,3.36954e+08,3313.6,4026,3305.2,
IF1709,20170324,20170323,17:39:06,500,3337.4,338,3339.4,3313.6,3313.6,-1,996905,3338.4,3,3335.2,1,3635.62974.83996,3.36954e+08,3313.6,4026,3305.2,
IF1709,20170324,20170323,17:39:07,500,3337.4,338,3339.4,3313.6,3313.6,-1,996905,3338.2,2,3335.2,1,3635.62974.83996,3.36954e+08,3313.6,4026,3305.2,
IF1709,20170324,20170323,17:39:08,0,3337.4,338,3339.4,3313.6,3313.6,-1,996905,3338,3,3335.2,1,3635.62974.83996,3.36954e+08,3313.6,4026,3305.2,
IF1709,20170324,20170323,17:39:08,500,3337.4,338,3339.4,3313.6,3313.6,-1,996905,3337.8,1,3335.2,1,3635.62974.83996,3.36954e+08,3313.6,4026,3305.2,
IF1709,20170324,20170323,17:39:09,0,3337.4,338,3339.4,3313.6,3313.6,-1,996905,3337.6,2,3335.2,1,3635.62974.83996,3.36954e+08,3313.6,4026,3305.2,
IF1709,20170324,20170323,17:39:09,500,3337.4,338,3339.4,3313.6,3313.6,-1,996905,3337.6,2,3335.2,1,3635.62974.83996,3.36954e+08,3313.6,4026,3305.2,
IF1709,20170324,20170323,17:39:10,0,3337.4,338,3339.4,3313.6,3313.6,-1,996905,3337.4,1,3335.2,1,3635.62974.83996,3.36954e+08,3313.6,4026,3305.2,
IF1709,20170324,20170323,17:39:10,500,3337.4,338,3339.4,3313.6,3313.6,-1,996905,3337.2,2,3335.2,1,3635.62974.83996,3.36954e+08,3313.6,4026,3305.2,
IF1709,20170324,20170323,17:39:11,0,3337.4,338,3339.4,3313.6,3313.6,-1,996905,3337.2,2,3335.2,1,3635.62974.83996,3.36954e+08,3313.6,4026,3305.2,
IF1709,20170324,20170323,17:39:11,500,3337.4,338,3339.4,3313.6,3313.6,-1,996905,3337,1,3335.2,1,3635.62974.83996,3.36954e+08,3313.6,4026,3305.2,
IF1709,20170324,20170323,17:39:12,0,3337.4,338,3339.4,3313.6,3313.6,-1,996905,3336.8,2,3335.2,1,3635.62974.83996,3.36954e+08,3313.6,4026,3305.2,
IF1709,20170324,20170323,17:39:12,500,3337.4,338,3339.4,3313.6,3313.6,-1,996905,3336.8,2,3335.2,1,3635.62974.83996,3.36954e+08,3313.6,4026,3305.2,
IF1709,20170324,20170323,17:39:14,0,3337.4,338,3339.4,3313.6,3313.6,-1,996905,3336.8,2,3335.8,1,3635.62974.83996,3.36954e+08,3313.6,4026,3305.2,
IF1709,20170324,20170323,17:39:16,0,3335.8,339,3339.4,3313.6,3313.6,-1,996916,3336.8,1,3335.2,1,3635.62974.83995,3.37955e+08,3313.6,4026,3305.2,
IF1709,20170324,20170323,17:39:16,500,3335.8,339,3339.4,3313.6,3313.6,-1,996916,3336.8,1,3335.2,1,3635.62974.83995,3.37955e+08,3313.6,4026,3305.2,
IF1709,20170324,20170323,17:39:18,0,3335.8,339,3339.4,3313.6,3313.6,-1,996916,3336.6,1,3335.2,1,3635.62974.83995,3.37955e+08,3313.6,4026,3305.2,
IF1709,20170324,20170323,17:39:18,500,3335.8,339,3339.4,3313.6,3313.6,-1,996916,3336.4,1,3335.2,1,3635.62974.83995,3.37955e+08,3313.6,4026,3305.2,
IF1709,20170324,20170323,17:39:19,0,3335.8,339,3339.4,3313.6,3313.6,-1,996916,3336.4,1,3335.2,1,3635.62974.83995,3.37955e+08,3313.6,4026,3305.2,
IF1709,20170324,20170323,17:39:19,500,3335.8,339,3339.4,3313.6,3313.6,-1,996916,3336.8,1,3335.2,1,3635.62974.83995,3.37955e+08,3313.6,4026,3305.2,
IF1709,20170324,20170323,17:39:20,0,3335.8,339,3339.4,3313.6,3313.6,-1,996916,3336.8,1,3335,1,3635.62974.83995,3.37955e+08,3313.6,4026,3305.2,
IF1709,20170324,20170323,17:39:21,0,3335.8,339,3339.4,3313.6,3313.6,-1,996916,3336.8,1,3334.6,1,3635.62974.83995,3.37955e+08,3313.6,4026,3305.2,
IF1709,20170324,20170323,17:39:26,0,3335.8,339,3339.4,3313.6,3313.6,-1,996916,3336.8,1,3334.8,1,3635.62974.83995,3.37955e+08,3313.6,4026,3305.2,
IF1709,20170324,20170323,17:39:30,0,3335.8,339,3339.4,3313.6,3313.6,-1,996916,3336.6,1,3334.8,1,3635.62974.83995,3.37955e+08,3313.6,4026,3305.2,
IF1709,20170324,20170323,17:39:30,500,3335.8,339,3339.4,3313.6,3313.6,-1,996916,3336.4,1,3334.8,1,3635.62974.83995,3.37955e+08,3313.6,4026,3305.2,
IF1709,20170324,20170323,17:39:31,0,3335.8,339,3339.4,3313.6,3313.6,-1,996916,3336.4,1,3334.8,1,3635.62974.83995,3.37955e+08,3313.6,4026,3305.2,
IF1709,20170324,20170323,17:39:31,500,3335.8,339,3339.4,3313.6,3313.6,-1,996916,3336.8,1,3334.8,1,3635.62974.83995,3.37955e+08,3313.6,4026,3305.2,
IF1709,20170324,20170323,17:39:32,500,3335.8,339,3339.4,3313.6,3313.6,-1,996916,3336.8,1,3335,2,3635.62974.83995,3.37955e+08,3313.6,4026,3305.2,
IF1709,20170324,20170323,17:39:34,500,3335.8,339,3339.4,3313.6,3313.6,-1,996916,3336.8,1,3335.2,1,3635.62974.83995,3.37955e+08,3313.6,4026,3305.2,
IF1709,20170324,20170323,17:39:35,0,3335.8,339,3339.4,3313.6,3313.6,-1,996916,3336.8,1,3335.2,1,3635.62974.83995,3.37955e+08,3313.6,4026,3305.2,
IF1709,20170324,20170323,17:39:36,0,3335.8,339,3339.4,3313.6,3313.6,-1,996916,3336.8,1,3335.2,1,3635.62974.83995,3.37955e+08,3313.6,4026,3305.2,
IF1709,20170324,20170323,17:39:37,0,3335.8,339,3339.4,3313.6,3313.6,-1,996916,3336.8,1,3335.2,1,3635.62974.83995,3.37955e+08,3313.6,4026,3305.2,
IF1709,20170324,20170323,17:39:38,500,3335.8,339,3339.4,3313.6,3313.6,-1,996916,3336.8,1,3335.2,1,3635.62974.83995,3.37955e+08,3313.6,4026,3305.2,
IF1709,20170324,20170323,17:39:41,0,3335.8,339,3339.4,3313.6,3313.6,-1,996916,3336.6,1,3335.2,1,3635.62974.83995,3.37955e+08,3313.6,4026,3305.2,
IF1709,20170324,20170323,17:39:41,500,3335.8,339,3339.4,3313.6,3313.6,-1,996916,3336.4,1,3335.2,1,3635.62974.83995,3.37955e+08,3313.6,4026,3305.2,
IF1709,20170324,20170323,17:39:42,0,3335.8,339,3339.4,3313.6,3313.6,-1,996916,3336.4,1,3335.2,1,3635.62974.83995,3.37955e+08,3313.6,4026,3305.2,
IF1709,20170324,20170323,17:39:42,500,3335.8,339,3339.4,3313.6,3313.6,-1,996916,3336.8,1,3335.2,1,3635.62974.83995,3.37955e+08,3313.6,4026,3305.2,
IF1709,20170324,20170323,17:39:43,0,3335.8,339,3339.4,3313.6,3313.6,-1,996916,3336.6,1,3335.2,1,3635.62974.83995,3.37955e+08,3313.6,4026,3305.2,
IF1709,20170324,20170323,17:39:43,500,3335.8,339,3339.4,3313.6,3313.6,-1,996916,3336.4,1,3335.2,1,3635.62974.83995,3.37955e+08,3313.6,4026,3305.2,
IF1709,20170324,20170323,17:39:44,0,3335.8,339,3339.4,3313.6,3313.6,-1,996916,3336.2,1,3335.2,1,3635.62974.83995,3.37955e+08,3313.6,4026,3305.2,
IF1709,20170324,20170323,17:39:44,500,3335.8,339,3339.4,3313.6,3313.6,-1,996916,3336,1,3335.2,1,3635.62974.83995,3.37955e+08,3313.6,4026,3305.2,
IF1709,20170324,20170323,17:39:45,0,3335.8,339,3339.4,3313.6,3313.6,-1,996916,3336,1,3335.2,1,3635.62974.83995,3.37955e+08,3313.6,4026,3305.2,
IF1709,20170324,20170323,17:39:45,500,3335.8,339,3339.4,3313.6,3313.6,-1,996916,3336.8,1,3335.2,1,3635.62974.83995,3.37955e+08,3313.6,4026,3305.2,
IF1709,20170324,20170323,17:39:46,0,3335.8,339,3339.4,3313.6,3313.6,-1,996916,3336.6,1,3335.2,1,3635.62974.83995,3.37955e+08,3313.6,4026,3305.2,
IF1709,20170324,20170323,17:39:46,500,3335.8,339,3339.4,3313.6,3313.6,-1,996916,3336.4,1,3335.2,1,3635.62974.83995,3.37955e+08,3313.6,4026,3305.2,
IF1709,20170324,20170323,17:39:47,0,3335.8,339,3339.4,3313.6,3313.6,-1,996916,3336.2,1,3335.2,1,3635.62974.83995,3.37955e+08,3313.6,4026,3305.2,
IF1709,20170324,20170323,17:39:47,500,3335.8,339,3339.4,3313.6,3313.6,-1,996916,3336,1,3335.2,1,3635.62974.83995,3.37955e+08,3313.6,4026,3305.2,
IF1709,20170324,20170323,17:39:48,0,3335.8,339,3339.4,3313.6,3313.6,-1,996916,3336,1,3335.2,1,3635.62974.83995,3.37955e+08,3313.6,4026,3305.2,
IF1709,20170324,20170323,17:39:48,500,3335.8,339,3339.4,3313.6,3313.6,-1,996916,3335.8,1,3335.2,1,3635.62974.83995,3.37955e+08,3313.6,4026,3305.2,
IF1709,20170324,20170323,17:39:49,0,3335.8,339,3339.4,3313.6,3313.6,-1,996916,3335.6,1,3335.2,1,3635.62974.83995,3.37955e+08,3313.6,4026,3305.2,
IF1709,20170324,20170323,17:39:49,500,3335.8,339,3339.4,3313.6,3313.6,-1,996916,3335.6,1,3335.2,1,3635.62974.83995,3.37955e+08,3313.6,4026,3305.2,
IF1709,20170324,20170323,17:39:50,0,3335.8,339,3339.4,3313.6,3313.6,-1,996916,3336.8,1,3335.2,1,3635.62974.83995,3.37955e+08,3313.6,4026,3305.2,
IF1709,20170324,20170323,17:39:50,500,3335.8,339,3339.4,3313.6,3313.6,-1,996916,3336.6,2,3335.2,1,3635.62974.83995,3.37955e+08,3313.6,4026,3305.2,
IF1709,20170324,20170323,17:39:51,0,3335.8,339,3339.4,3313.6,3313.6,-1,996916,3336.4,1,3335.2,1,3635.62974.83995,3.37955e+08,3313.6,4026,3305.2,
IF1709,20170324,20170323,17:39:51,500,3335.8,339,3339.4,3313.6,3313.6,-1,996916,3336.2,1,3335.2,1,3635.62974.83995,3.37955e+08,3313.6,4026,3305.2,
IF1709,20170324,20170323,17:39:52,0,3335.8,339,3339.4,3313.6,3313.6,-1,996916,3336,1,3333.8,1,3635.62974.83995,3.37955e+08,3313.6,4026,3305.2,
IF1709,20170324,20170323,17:39:52,500,3335.8,339,3339.4,3313.6,3313.6,-1,996916,3335.8,1,3333.8,1,3635.62974.83995,3.37955e+08,3313.6,4026,3305.2,
IF1709,20170324,20170323,17:39:53,0,3335.8,339,3339.4,3313.6,3313.6,-1,996916,3335.6,1,3333.8,1,3635.62974.83995,3.37955e+08,3313.6,4026,3305.2,
IF1709,20170324,20170323,17:39:53,500,3335.8,339,3339.4,3313.6,3313.6,-1,996916,3335.6,1,3333.8,1,3635.62974.83995,3.37955e+08,3313.6,4026,3305.2,
IF1709,20170324,20170323,17:39:54,0,3335.8,339,3339.4,3313.6,3313.6,-1,996916,3337.4,1,3333.8,1,3635.62974.83995,3.37955e+08,3313.6,4026,3305.2,
IF1709,20170324,20170323,17:39:54,500,3335.8,339,3339.4,3313.6,3313.6,-1,996916,3337.2,2,3333.8,1,3635.62974.83995,3.37955e+08,3313.6,4026,3305.2,
IF1709,20170324,20170323,17:39:55,0,3335.8,339,3339.4,3313.6,3313.6,-1,996916,3337,1,3333.8,1,3635.62974.83995,3.37955e+08,3313.6,4026,3305.2,
IF1709,20170324,20170323,17:39:55,500,3335.8,339,3339.4,3313.6,3313.6,-1,996916,3337,1,3333.8,1,3635.62974.83995,3.37955e+08,3313.6,4026,3305.2,
IF1709,20170324,20170323,17:39:56,0,3335.8,339,3339.4,3313.6,3313.6,-1,996916,3336.8,3,3333.8,1,3635.62974.83995,3.37955e+08,3313.6,4026,3305.2,
IF1709,20170324,20170323,17:39:56,500,3335.8,339,3339.4,3313.6,3313.6,-1,996916,3336.6,1,3333.8,1,3635.62974.83995,3.37955e+08,3313.6,4026,3305.2,
IF1709,20170324,20170323,17:39:57,0,3335.8,339,3339.4,3313.6,3313.6,-1,996916,3336.4,1,3334,1,3635.62974.83995,3.37955e+08,3313.6,4026,3305.2,
IF1709,20170324,20170323,17:39:57,500,3335.8,339,3339.4,3313.6,3313.6,-1,996916,3336.2,1,3334,1,3635.62974.83995,3.37955e+08,3313.6,4026,3305.2,
IF1709,20170324,20170323,17:39:58,0,3335.8,339,3339.4,3313.6,3313.6,-1,996916,3336,1,3334,1,3635.62974.83995,3.37955e+08,3313.6,4026,3305.2,
IF1709,20170324,20170323,17:39:59,0,3335.8,339,3339.4,3313.6,3313.6,-1,996916,3335.6,1,3334,1,3635.62974.83995,3.37955e+08,3313.6,4026,3305.2,
IF1709,20170324,20170323,17:40:00,0,3335.8,339,3339.4,3313.6,3313.6,-1,996916,3335.4,1,3334,1,3635.62974.83995,3.37955e+08,3313.6,4026,3305.2,
IF1709,20170324,20170323,17:40:00,500,3335.8,339,3339.4,3313.6,3313.6,-1,996916,3335.4,1,3334,1,3635.62974.83995,3.37955e+08,3313.6,4026,3305.2,
IF1709,20170324,20170323,17:40:01,0,3335.8,339,3339.4,3313.6,3313.6,-1,996916,3335.2,1,3334,1,3635.62974.83995,3.37955e+08,3313.6,4026,3305.2,
IF1709,20170324,20170323,17:40:01,500,3335.8,339,3339.4,3313.6,3313.6,-1,996916,3335,1,3334,1,3635.62974.83995,3.37955e+08,3313.6,4026,3305.2,
IF1709,20170324,20170323,17:40:02,0,3335.8,339,3339.4,3313.6,3313.6,-1,996916,3335,1,3334,1,3635.62974.83995,3.37955e+08,3313.6,4026,3305.2,
IF1709,20170324,20170323,17:40:02,500,3335.8,339,3339.4,3313.6,3313.6,-1,996916,3337.4,1,3334,1,3635.62974.83995,3.37955e+08,3313.6,4026,3305.2,
IF1709,20170324,20170323,17:40:03,0,3335.8,339,3339.4,3313.6,3313.6,-1,996916,3337.2,2,3334,1,3635.62974.83995,3.37955e+08,3313.6,4026,3305.2,
IF1709,20170324,20170323,17:40:03,500,3335.8,339,3339.4,3313.6,3313.6,-1,996916,3337,1,3334,1,3635.62974.83995,3.37955e+08,3313.6,4026,3305.2,
IF1709,20170324,20170323,17:40:04,0,3335.8,339,3339.4,3313.6,3313.6,-1,996916,3336.8,2,3334,1,3635.62974.83995,3.37955e+08,3313.6,4026,3305.2,
IF1709,20170324,20170323,17:40:04,500,3335.8,339,3339.4,3313.6,3313.6,-1,996916,3336.6,1,3334,1,3635.62974.83995,3.37955e+08,3313.6,4026,3305.2,
IF1709,20170324,20170323,17:40:05,0,3335.8,339,3339.4,3313.6,3313.6,-1,996916,3336.2,1,3334,1,3635.62974.83995,3.37955e+08,3313.6,4026,3305.2,
IF1709,20170324,20170323,17:40:05,500,3335.8,339,3339.4,3313.6,3313.6,-1,996916,3336,1,3334,1,3635.62974.83995,3.37955e+08,3313.6,4026,3305.2,
IF1709,20170324,20170323,17:40:06,0,3335.8,339,3339.4,3313.6,3313.6,-1,996916,3335.8,1,3334,1,3635.62974.83995,3.37955e+08,3313.6,4026,3305.2,
IF1709,20170324,20170323,17:40:06,500,3335.8,339,3339.4,3313.6,3313.6,-1,996916,3335.6,1,3334.2,1,3635.62974.83995,3.37955e+08,3313.6,4026,3305.2,
IF1709,20170324,20170323,17:40:07,0,3335.8,339,3339.4,3313.6,3313.6,-1,996916,3335.4,1,3334.2,1,3635.62974.83995,3.37955e+08,3313.6,4026,3305.2,
IF1709,20170324,20170323,17:40:08,0,3335.8,339,3339.4,3313.6,3313.6,-1,996916,3335.4,1,3334.2,1,3635.62974.83995,3.37955e+08,3313.6,4026,3305.2,
IF1709,20170324,20170323,17:40:16,500,3335.8,339,3339.4,3313.6,3313.6,-1,996916,3337.6,1,3334.2,1,3635.62974.83995,3.37955e+08,3313.6,4026,3305.2,
IF1709,20170324,20170323,17:40:17,0,3335.8,339,3339.4,3313.6,3313.6,-1,996916,3337.4,1,3334.2,1,3635.62974.83995,3.37955e+08,3313.6,4026,3305.2,
IF1709,20170324,20170323,17:40:17,500,3335.8,339,3339.4,3313.6,3313.6,-1,996916,3337.2,2,3334.2,1,3635.62974.83995,3.37955e+08,3313.6,4026,3305.2,
IF1709,20170324,20170323,17:40:18,0,3335.8,339,3339.4,3313.6,3313.6,-1,996916,3337,1,3334.2,1,3635.62974.83995,3.37955e+08,3313.6,4026,3305.2,
IF1709,20170324,20170323,17:40:18,500,3335.8,339,3339.4,3313.6,3313.6,-1,996916,3336.6,1,3334.2,1,3635.62974.83995,3.37955e+08,3313.6,4026,3305.2,
IF1709,20170324,20170323,17:40:19,0,3335.8,339,3339.4,3313.6,3313.6,-1,996916,3336.4,2,3334.2,1,3635.62974.83995,3.37955e+08,3313.6,4026,3305.2,
IF1709,20170324,20170323,17:40:19,500,3335.8,339,3339.4,3313.6,3313.6,-1,996916,3336.4,2,3334.2,1,3635.62974.83995,3.37955e+08,3313.6,4026,3305.2,
IF1709,20170324,20170323,17:40:20,500,3335.8,339,3339.4,3313.6,3313.6,-1,996916,3336.4,2,3334.2,1,3635.62974.83995,3.37955e+08,3313.6,4026,3305.2,
IF1709,20170324,20170323,17:40:21,0,3335.8,339,3339.4,3313.6,3313.6,-1,996916,3336.4,2,3334.2,1,3635.62974.83995,3.37955e+08,3313.6,4026,3305.2,
IF1709,20170324,20170323,17:40:28,500,3335.8,339,3339.4,3313.6,3313.6,-1,996916,3336.4,2,3334.4,1,3635.62974.83995,3.37955e+08,3313.6,4026,3305.2,
IF1709,20170324,20170323,17:40:29,0,3335.8,339,3339.4,3313.6,3313.6,-1,996916,3336.4,1,3334.4,1,3635.62974.83995,3.37955e+08,3313.6,4026,3305.2,
IF1709,20170324,20170323,17:40:29,500,3335.8,339,3339.4,3313.6,3313.6,-1,996916,3337.4,1,3334.4,1,3635.62974.83995,3.37955e+08,3313.6,4026,3305.2,
IF1709,20170324,20170323,17:40:30,0,3335.8,339,3339.4,3313.6,3313.6,-1,996916,3337.2,1,3334.4,1,3635.62974.83995,3.37955e+08,3313.6,4026,3305.2,
IF1709,20170324,20170323,17:40:31,0,3335.8,339,3339.4,3313.6,3313.6,-1,996916,3337.2,1,3334.4,1,3635.62974.83995,3.37955e+08,3313.6,4026,3305.2,
IF1709,20170324,20170323,17:40:35,0,3335.8,339,3339.4,3313.6,3313.6,-1,996916,3337.2,1,3334.6,1,3635.62974.83995,3.37955e+08,3313.6,4026,3305.2,
IF1709,20170324,20170323,17:40:38,0,3335.8,339,3339.4,3313.6,3313.6,-1,996916,3337.2,1,3334.8,2,3635.62974.83995,3.37955e+08,3313.6,4026,3305.2,
IF1709,20170324,20170323,17:40:39,0,3335.8,339,3339.4,3313.6,3313.6,-1,996916,3337.2,1,3335,1,3635.62974.83995,3.37955e+08,3313.6,4026,3305.2,
IF1709,20170324,20170323,17:40:39,500,3335.8,339,3339.4,3313.6,3313.6,-1,996916,3337.2,1,3335,1,3635.62974.83995,3.37955e+08,3313.6,4026,3305.2,
IF1709,20170324,20170323,17:40:42,500,3335.8,339,3339.4,3313.6,3313.6,-1,996916,3337,1,3335,1,3635.62974.83995,3.37955e+08,3313.6,4026,3305.2,
IF1709,20170324,20170323,17:40:43,0,3335.8,339,3339.4,3313.6,3313.6,-1,996916,3337,1,3335,1,3635.62974.83995,3.37955e+08,3313.6,4026,3305.2,
IF1709,20170324,20170323,17:40:43,500,3335.8,339,3339.4,3313.6,3313.6,-1,996916,3336.8,1,3335,1,3635.62974.83995,3.37955e+08,3313.6,4026,3305.2,
IF1709,20170324,20170323,17:40:44,0,3335.8,339,3339.4,3313.6,3313.6,-1,996916,3336.6,1,3335,1,3635.62974.83995,3.37955e+08,3313.6,4026,3305.2,
IF1709,20170324,20170323,17:40:44,500,3335.8,339,3339.4,3313.6,3313.6,-1,996916,3336.6,1,3335,1,3635.62974.83995,3.37955e+08,3313.6,4026,3305.2,
IF1709,20170324,20170323,17:40:45,0,3335.8,339,3339.4,3313.6,3313.6,-1,996916,3336.4,1,3335,1,3635.62974.83995,3.37955e+08,3313.6,4026,3305.2,
IF1709,20170324,20170323,17:40:45,500,3335.8,339,3339.4,3313.6,3313.6,-1,996916,3336.2,1,3335,1,3635.62974.83995,3.37955e+08,3313.6,4026,3305.2,
IF1709,20170324,20170323,17:40:46,0,3335.8,339,3339.4,3313.6,3313.6,-1,996916,3336.2,1,3335,1,3635.62974.83995,3.37955e+08,3313.6,4026,3305.2,
IF1709,20170324,20170323,17:40:46,500,3335.8,339,3339.4,3313.6,3313.6,-1,996916,3338.4,1,3335,1,3635.62974.83995,3.37955e+08,3313.6,4026,3305.2,
IF1709,20170324,20170323,17:40:47,0,3335.8,339,3339.4,3313.6,3313.6,-1,996916,3338.2,2,3335,1,3635.62974.83995,3.37955e+08,3313.6,4026,3305.2,
IF1709,20170324,20170323,17:40:47,500,3335.8,339,3339.4,3313.6,3313.6,-1,996916,3338,1,3335,1,3635.62974.83995,3.37955e+08,3313.6,4026,3305.2,
IF1709,20170324,20170323,17:40:48,0,3335.8,339,3339.4,3313.6,3313.6,-1,996916,3337.8,2,3335,1,3635.62974.83995,3.37955e+08,3313.6,4026,3305.2,
IF1709,20170324,20170323,17:40:48,500,3335,340,3339.4,3313.6,3313.6,-1,996927,3337.6,1,3334.8,1,3635.62974.83995,3.38955e+08,3313.6,4026,3305.2,
IF1709,20170324,20170323,17:40:49,0,3335,340,3339.4,3313.6,3313.6,-1,996927,3337.2,1,3334.8,1,3635.62974.83995,3.38955e+08,3313.6,4026,3305.2,
IF1709,20170324,20170323,17:40:49,500,3335,340,3339.4,3313.6,3313.6,-1,996927,3335,1,3334.8,1,3635.62974.83995,3.38955e+08,3313.6,4026,3305.2,
IF1709,20170324,20170323,17:40:50,0,3335,341,3339.4,3313.6,3313.6,-1,996937,3337,1,3334.8,1,3635.62974.83995,3.39956e+08,3313.6,4026,3305.2,
IF1709,20170324,20170323,17:40:50,500,3335,341,3339.4,3313.6,3313.6,-1,996937,3338.4,1,3334.8,1,3635.62974.83995,3.39956e+08,3313.6,4026,3305.2,
IF1709,20170324,20170323,17:40:51,0,3335,341,3339.4,3313.6,3313.6,-1,996937,3338.2,2,3334.8,1,3635.62974.83995,3.39956e+08,3313.6,4026,3305.2,
IF1709,20170324,20170323,17:40:51,500,3335,341,3339.4,3313.6,3313.6,-1,996937,3338,1,3334.8,1,3635.62974.83995,3.39956e+08,3313.6,4026,3305.2,
IF1709,20170324,20170323,17:40:52,0,3335,341,3339.4,3313.6,3313.6,-1,996937,3337.8,2,3334.8,1,3635.62974.83995,3.39956e+08,3313.6,4026,3305.2,
IF1709,20170324,20170323,17:40:52,500,3335,341,3339.4,3313.6,3313.6,-1,996937,3337.4,2,3334.8,1,3635.62974.83995,3.39956e+08,3313.6,4026,3305.2,
IF1709,20170324,20170323,17:40:53,0,3335,341,3339.4,3313.6,3313.6,-1,996937,3337.2,1,3334.8,1,3635.62974.83995,3.39956e+08,3313.6,4026,3305.2,
IF1709,20170324,20170323,17:40:53,500,3335,341,3339.4,3313.6,3313.6,-1,996937,3337,1,3334.8,1,3635.62974.83995,3.39956e+08,3313.6,4026,3305.2,
IF1709,20170324,20170323,17:40:54,0,3335,341,3339.4,3313.6,3313.6,-1,996937,3336.8,1,3334.8,1,3635.62974.83995,3.39956e+08,3313.6,4026,3305.2,
IF1709,20170324,20170323,17:40:54,500,3335,341,3339.4,3313.6,3313.6,-1,996937,3336.6,1,3334.8,1,3635.62974.83995,3.39956e+08,3313.6,4026,3305.2,
IF1709,20170324,20170323,17:40:55,0,3335,341,3339.4,3313.6,3313.6,-1,996937,3336.4,1,3334.8,1,3635.62974.83995,3.39956e+08,3313.6,4026,3305.2,
IF1709,20170324,20170323,17:40:55,500,3335,341,3339.4,3313.6,3313.6,-1,996937,3336.4,1,3334.8,1,3635.62974.83995,3.39956e+08,3313.6,4026,3305.2,
IF1709,20170324,20170323,17:40:56,0,3335,341,3339.4,3313.6,3313.6,-1,996937,3337.4,1,3334.8,1,3635.62974.83995,3.39956e+08,3313.6,4026,3305.2,
IF1709,20170324,20170323,17:40:56,500,3335,341,3339.4,3313.6,3313.6,-1,996937,3337.4,1,3334.8,1,3635.62974.83995,3.39956e+08,3313.6,4026,3305.2,
IF1709,20170324,20170323,17:40:57,0,3335,341,3339.4,3313.6,3313.6,-1,996937,3337,1,3334.8,1,3635.62974.83995,3.39956e+08,3313.6,4026,3305.2,
IF1709,20170324,20170323,17:40:57,500,3335,341,3339.4,3313.6,3313.6,-1,996937,3336.8,2,3334.8,1,3635.62974.83995,3.39956e+08,3313.6,4026,3305.2,
IF1709,20170324,20170323,17:40:58,0,3335,341,3339.4,3313.6,3313.6,-1,996937,3336.8,2,3334.8,1,3635.62974.83995,3.39956e+08,3313.6,4026,3305.2,
IF1709,20170324,20170323,17:40:58,500,3335,341,3339.4,3313.6,3313.6,-1,996937,3336.8,2,3334.8,1,3635.62974.83995,3.39956e+08,3313.6,4026,3305.2,
IF1709,20170324,20170323,17:41:11,0,3335,341,3339.4,3313.6,3313.6,-1,996937,3336.8,2,3334,1,3635.62974.83995,3.39956e+08,3313.6,4026,3305.2,
IF1709,20170324,20170323,17:41:18,0,3335,341,3339.4,3313.6,3313.6,-1,996937,3336.8,2,3334,1,3635.62974.83995,3.39956e+08,3313.6,4026,3305.2,
IF1709,20170324,20170323,17:41:20,500,3335,341,3339.4,3313.6,3313.6,-1,996937,3336.8,2,3334,1,3635.62974.83995,3.39956e+08,3313.6,4026,3305.2,
IF1709,20170324,20170323,17:41:27,500,3335,341,3339.4,3313.6,3313.6,-1,996937,3336.6,1,3334,1,3635.62974.83995,3.39956e+08,3313.6,4026,3305.2,
IF1709,20170324,20170323,17:41:28,0,3335,341,3339.4,3313.6,3313.6,-1,996937,3336.4,3,3334,1,3635.62974.83995,3.39956e+08,3313.6,4026,3305.2,
IF1709,20170324,20170323,17:41:28,500,3335,341,3339.4,3313.6,3313.6,-1,996937,3336.4,3,3334,1,3635.62974.83995,3.39956e+08,3313.6,4026,3305.2,
IF1709,20170324,20170323,21:47:35,500,3356.8,638,3368,3313.6,3313.6,-1,1.00023e+06,3357,1,3354,1,3635.62974.84136,6.38144e+08,3313.6,4026,3305.2,
IF1709,20170324,20170323,21:47:36,500,3354,639,3368,3313.6,3313.6,-1,1.00023e+06,3354,4,3351,3,3635.62974.84136,6.3915e+08,3313.6,4026,3305.2,
IF1709,20170324,20170323,21:47:38,0,3354,639,3368,3313.6,3313.6,-1,1.00023e+06,3354,4,3351.4,1,3635.62974.84136,6.3915e+08,3313.6,4026,3305.2,
IF1709,20170324,20170323,21:47:38,500,3354,639,3368,3313.6,3313.6,-1,1.00023e+06,3354,4,3351.6,3,3635.62974.84136,6.3915e+08,3313.6,4026,3305.2,
IF1709,20170324,20170323,21:47:39,500,3354,639,3368,3313.6,3313.6,-1,1.00023e+06,3354,4,3351.6,3,3635.62974.84136,6.3915e+08,3313.6,4026,3305.2,
IF1709,20170324,20170323,21:47:40,0,3354,639,3368,3313.6,3313.6,-1,1.00023e+06,3354,4,3351.6,3,3635.62974.84136,6.3915e+08,3313.6,4026,3305.2,
IF1709,20170324,20170323,21:47:44,0,3354,641,3368,3313.6,3313.6,-1,1.00025e+06,3354,2,3351.6,3,3635.62974.84136,6.41162e+08,3313.6,4026,3305.2,
IF1709,20170324,20170323,21:47:44,500,3351.6,642,3368,3313.6,3313.6,-1,1.00026e+06,3354,2,3351.8,3,3635.62974.84137,6.42168e+08,3313.6,4026,3305.2,
IF1709,20170324,20170323,21:47:46,0,3351.6,642,3368,3313.6,3313.6,-1,1.00026e+06,3354,2,3352.2,1,3635.62974.84137,6.42168e+08,3313.6,4026,3305.2,
IF1709,20170324,20170323,21:47:46,500,3351.6,642,3368,3313.6,3313.6,-1,1.00026e+06,3354,2,3352.4,1,3635.62974.84137,6.42168e+08,3313.6,4026,3305.2,
IF1709,20170324,20170323,21:47:47,0,3351.6,642,3368,3313.6,3313.6,-1,1.00026e+06,3354,2,3352.4,1,3635.62974.84137,6.42168e+08,3313.6,4026,3305.2,
IF1709,20170324,20170323,21:47:47,500,3351.6,642,3368,3313.6,3313.6,-1,1.00026e+06,3354,2,3352.4,1,3635.62974.84137,6.42168e+08,3313.6,4026,3305.2,
IF1709,20170324,20170323,21:47:48,0,3351.6,642,3368,3313.6,3313.6,-1,1.00026e+06,3354,2,3352.6,1,3635.62974.84137,6.42168e+08,3313.6,4026,3305.2,
IF1709,20170324,20170323,21:47:48,500,3351.6,642,3368,3313.6,3313.6,-1,1.00026e+06,3354,2,3352.8,1,3635.62974.84137,6.42168e+08,3313.6,4026,3305.2,
IF1709,20170324,20170323,21:47:50,0,3351.6,642,3368,3313.6,3313.6,-1,1.00026e+06,3354,2,3352.8,1,3635.62974.84137,6.42168e+08,3313.6,4026,3305.2,
IF1709,20170324,20170323,21:47:51,500,3351.6,642,3368,3313.6,3313.6,-1,1.00026e+06,3354,2,3352.8,1,3635.62974.84137,6.42168e+08,3313.6,4026,3305.2,
IF1709,20170324,20170323,21:47:57,500,3351.6,642,3368,3313.6,3313.6,-1,1.00026e+06,3354,2,3352.8,1,3635.62974.84137,6.42168e+08,3313.6,4026,3305.2,
IF1709,20170324,20170323,21:48:02,500,3354,643,3368,3313.6,3313.6,-1,1.00027e+06,3354,1,3352.8,1,3635.62974.84137,6.43174e+08,3313.6,4026,3305.2,
IF1709,20170324,20170323,21:48:04,500,3354,643,3368,3313.6,3313.6,-1,1.00027e+06,3354,1,3350.8,1,3635.62974.84137,6.43174e+08,3313.6,4026,3305.2,
IF1709,20170324,20170323,21:48:05,500,3354,643,3368,3313.6,3313.6,-1,1.00027e+06,3354,1,3351,3,3635.62974.84137,6.43174e+08,3313.6,4026,3305.2,
IF1709,20170324,20170323,21:48:06,500,3354,643,3368,3313.6,3313.6,-1,1.00027e+06,3354,1,3351.2,1,3635.62974.84137,6.43174e+08,3313.6,4026,3305.2,
IF1709,20170324,20170323,21:48:07,0,3354,643,3368,3313.6,3313.6,-1,1.00027e+06,3354,1,3351.4,1,3635.62974.84137,6.43174e+08,3313.6,4026,3305.2,
IF1709,20170324,20170323,21:48:07,500,3354,643,3368,3313.6,3313.6,-1,1.00027e+06,3354,1,3351.4,2,3635.62974.84137,6.43174e+08,3313.6,4026,3305.2,
IF1709,20170324,20170323,21:48:08,500,3354,643,3368,3313.6,3313.6,-1,1.00027e+06,3354,1,3351.8,1,3635.62974.84137,6.43174e+08,3313.6,4026,3305.2,
IF1709,20170324,20170323,21:48:09,0,3354,643,3368,3313.6,3313.6,-1,1.00027e+06,3354,1,3352,1,3635.62974.84137,6.43174e+08,3313.6,4026,3305.2,
IF1709,20170324,20170323,21:48:09,500,3354,643,3368,3313.6,3313.6,-1,1.00027e+06,3354,1,3352,1,3635.62974.84137,6.43174e+08,3313.6,4026,3305.2,
IF1709,20170324,20170323,21:48:10,0,3354,643,3368,3313.6,3313.6,-1,1.00027e+06,3354,1,3352.2,1,3635.62974.84137,6.43174e+08,3313.6,4026,3305.2,
IF1709,20170324,20170323,21:48:10,500,3354,643,3368,3313.6,3313.6,-1,1.00027e+06,3354,1,3352.2,1,3635.62974.84137,6.43174e+08,3313.6,4026,3305.2,
IF1709,20170324,20170323,21:48:11,0,3354,643,3368,3313.6,3313.6,-1,1.00027e+06,3354,1,3352.2,1,3635.62974.84137,6.43174e+08,3313.6,4026,3305.2,
IF1709,20170324,20170323,21:48:15,500,3354,643,3368,3313.6,3313.6,-1,1.00027e+06,3354,1,3352.4,1,3635.62974.84137,6.43174e+08,3313.6,4026,3305.2,
IF1709,20170324,20170323,21:48:16,0,3354,643,3368,3313.6,3313.6,-1,1.00027e+06,3354,1,3352.6,1,3635.62974.84137,6.43174e+08,3313.6,4026,3305.2,
IF1709,20170324,20170323,21:48:17,0,3354,644,3368,3313.6,3313.6,-1,1.00028e+06,3357.4,1,3352.6,1,3635.62974.84136,6.4418e+08,3313.6,4026,3305.2,
IF1709,20170324,20170323,21:48:19,0,3354,644,3368,3313.6,3313.6,-1,1.00028e+06,3357.2,1,3352.6,1,3635.62974.84136,6.4418e+08,3313.6,4026,3305.2,
IF1709,20170324,20170323,21:48:20,0,3354,644,3368,3313.6,3313.6,-1,1.00028e+06,3357,1,3352.6,1,3635.62974.84136,6.4418e+08,3313.6,4026,3305.2,
IF1709,20170324,20170323,21:48:23,500,3354,644,3368,3313.6,3313.6,-1,1.00028e+06,3356.8,1,3352.6,1,3635.62974.84136,6.4418e+08,3313.6,4026,3305.2,
IF1709,20170324,20170323,21:48:25,0,3354,644,3368,3313.6,3313.6,-1,1.00028e+06,3356.8,1,3355,1,3635.62974.84136,6.4418e+08,3313.6,4026,3305.2,
IF1709,20170324,20170323,21:48:25,500,3354,644,3368,3313.6,3313.6,-1,1.00028e+06,3356.8,1,3355,1,3635.62974.84136,6.4418e+08,3313.6,4026,3305.2,
IF1709,20170324,20170323,21:48:31,500,3354,644,3368,3313.6,3313.6,-1,1.00028e+06,3357,1,3355,1,3635.62974.84136,6.4418e+08,3313.6,4026,3305.2,
IF1709,20170324,20170323,21:48:32,500,3354,644,3368,3313.6,3313.6,-1,1.00028e+06,3356,1,3355,1,3635.62974.84136,6.4418e+08,3313.6,4026,3305.2,
IF1709,20170324,20170323,21:48:33,500,3354,644,3368,3313.6,3313.6,-1,1.00028e+06,3356,1,3355,1,3635.62974.84136,6.4418e+08,3313.6,4026,3305.2,
IF1709,20170324,20170323,21:48:39,500,3354,644,3368,3313.6,3313.6,-1,1.00028e+06,3356,1,3355,1,3635.62974.84136,6.4418e+08,3313.6,4026,3305.2,
IF1709,20170324,20170323,21:48:41,500,3354,644,3368,3313.6,3313.6,-1,1.00028e+06,3356,1,3355,1,3635.62974.84136,6.4418e+08,3313.6,4026,3305.2,
IF1709,20170324,20170323,21:48:45,500,3355,645,3368,3313.6,3313.6,-1,1.00029e+06,3355,2,3350.8,1,3635.62974.84135,6.45187e+08,3313.6,4026,3305.2,
IF1709,20170324,20170323,21:48:46,0,3355,645,3368,3313.6,3313.6,-1,1.00029e+06,3355,2,3351.2,2,3635.62974.84135,6.45187e+08,3313.6,4026,3305.2,
IF1709,20170324,20170323,21:48:46,500,3355,645,3368,3313.6,3313.6,-1,1.00029e+06,3355,2,3351.4,1,3635.62974.84135,6.45187e+08,3313.6,4026,3305.2,
IF1709,20170324,20170323,21:48:47,0,3355,645,3368,3313.6,3313.6,-1,1.00029e+06,3355,2,3351.6,3,3635.62974.84135,6.45187e+08,3313.6,4026,3305.2,
IF1709,20170324,20170323,21:48:47,500,3355,645,3368,3313.6,3313.6,-1,1.00029e+06,3355,2,3351.6,3,3635.62974.84135,6.45187e+08,3313.6,4026,3305.2,
IF1709,20170324,20170323,21:48:48,0,3355,645,3368,3313.6,3313.6,-1,1.00029e+06,3355,2,3351.8,1,3635.62974.84135,6.45187e+08,3313.6,4026,3305.2,
IF1709,20170324,20170323,21:48:48,500,3355,645,3368,3313.6,3313.6,-1,1.00029e+06,3355,2,3352,3,3635.62974.84135,6.45187e+08,3313.6,4026,3305.2,
IF1709,20170324,20170323,21:48:49,0,3355,645,3368,3313.6,3313.6,-1,1.00029e+06,3355,2,3352,3,3635.62974.84135,6.45187e+08,3313.6,4026,3305.2,
IF1709,20170324,20170323,21:48:49,500,3355,645,3368,3313.6,3313.6,-1,1.00029e+06,3355,2,3352.2,1,3635.62974.84135,6.45187e+08,3313.6,4026,3305.2,
IF1709,20170324,20170323,21:48:50,0,3355,645,3368,3313.6,3313.6,-1,1.00029e+06,3355,2,3352.4,2,3635.62974.84135,6.45187e+08,3313.6,4026,3305.2,
IF1709,20170324,20170323,21:48:50,500,3355,645,3368,3313.6,3313.6,-1,1.00029e+06,3355,2,3352.6,1,3635.62974.84135,6.45187e+08,3313.6,4026,3305.2,
IF1709,20170324,20170323,21:48:51,0,3355,645,3368,3313.6,3313.6,-1,1.00029e+06,3355,2,3352.8,1,3635.62974.84135,6.45187e+08,3313.6,4026,3305.2,
IF1709,20170324,20170323,21:48:51,500,3355,645,3368,3313.6,3313.6,-1,1.00029e+06,3355,2,3353,1,3635.62974.84135,6.45187e+08,3313.6,4026,3305.2,
IF1709,20170324,20170323,21:48:52,0,3355,645,3368,3313.6,3313.6,-1,1.00029e+06,3355,3,3353,1,3635.62974.84135,6.45187e+08,3313.6,4026,3305.2,
IF1709,20170324,20170323,21:48:53,0,3355,645,3368,3313.6,3313.6,-1,1.00029e+06,3355,3,3353,1,3635.62974.84135,6.45187e+08,3313.6,4026,3305.2,
IF1709,20170324,20170323,21:48:54,0,3355,645,3368,3313.6,3313.6,-1,1.00029e+06,3355,3,3353.2,2,3635.62974.84135,6.45187e+08,3313.6,4026,3305.2,
IF1709,20170324,20170323,21:48:54,500,3355,645,3368,3313.6,3313.6,-1,1.00029e+06,3355,3,3353.4,1,3635.62974.84135,6.45187e+08,3313.6,4026,3305.2,
IF1709,20170324,20170323,21:48:55,0,3355,645,3368,3313.6,3313.6,-1,1.00029e+06,3355,3,3353.6,2,3635.62974.84135,6.45187e+08,3313.6,4026,3305.2,
IF1709,20170324,20170323,21:48:55,500,3355,645,3368,3313.6,3313.6,-1,1.00029e+06,3355,3,3353.6,3,3635.62974.84135,6.45187e+08,3313.6,4026,3305.2,
IF1709,20170324,20170323,21:48:56,500,3355,645,3368,3313.6,3313.6,-1,1.00029e+06,3355,3,3353.6,2,3635.62974.84135,6.45187e+08,3313.6,4026,3305.2,
IF1709,20170324,20170323,21:49:06,500,3355,646,3368,3313.6,3313.6,-1,1.0003e+06,3355,2,3353.8,1,3635.62974.84135,6.46193e+08,3313.6,4026,3305.2,
IF1709,20170324,20170323,21:49:07,0,3355,646,3368,3313.6,3313.6,-1,1.0003e+06,3355,2,3354,1,3635.62974.84135,6.46193e+08,3313.6,4026,3305.2,
IF1709,20170324,20170323,21:49:07,500,3355,646,3368,3313.6,3313.6,-1,1.0003e+06,3355,2,3354,1,3635.62974.84135,6.46193e+08,3313.6,4026,3305.2,
IF1709,20170324,20170323,21:49:19,500,3355,646,3368,3313.6,3313.6,-1,1.0003e+06,3355,2,3353,1,3635.62974.84135,6.46193e+08,3313.6,4026,3305.2,
IF1709,20170324,20170323,21:49:20,0,3355,646,3368,3313.6,3313.6,-1,1.0003e+06,3355,2,3353.2,1,3635.62974.84135,6.46193e+08,3313.6,4026,3305.2,
IF1709,20170324,20170323,21:49:20,500,3355,646,3368,3313.6,3313.6,-1,1.0003e+06,3355,2,3353.4,1,3635.62974.84135,6.46193e+08,3313.6,4026,3305.2,
IF1709,20170324,20170323,21:49:21,0,3355,646,3368,3313.6,3313.6,-1,1.0003e+06,3355,2,3353.4,1,3635.62974.84135,6.46193e+08,3313.6,4026,3305.2,
IF1709,20170324,20170323,21:49:23,0,3355,647,3368,3313.6,3313.6,-1,1.00031e+06,3355,1,3353.4,1,3635.62974.84135,6.472e+08,3313.6,4026,3305.2,
IF1709,20170324,20170323,21:49:23,500,3355,648,3368,3313.6,3313.6,-1,1.00032e+06,3357.4,1,3355,4,3635.62974.84135,6.48206e+08,3313.6,4026,3305.2,
IF1709,20170324,20170323,21:49:24,0,3355,648,3368,3313.6,3313.6,-1,1.00032e+06,3357.4,1,3355,4,3635.62974.84135,6.48206e+08,3313.6,4026,3305.2,
IF1709,20170324,20170323,21:49:25,0,3355,648,3368,3313.6,3313.6,-1,1.00032e+06,3363,2,3355,5,3635.62974.84135,6.48206e+08,3313.6,4026,3305.2,
IF1709,20170324,20170323,21:49:25,500,3355,648,3368,3313.6,3313.6,-1,1.00032e+06,3362.4,3,3355,5,3635.62974.84135,6.48206e+08,3313.6,4026,3305.2,
IF1709,20170324,20170323,21:49:26,0,3355,648,3368,3313.6,3313.6,-1,1.00032e+06,3359.8,1,3355,5,3635.62974.84135,6.48206e+08,3313.6,4026,3305.2,
IF1709,20170324,20170323,21:49:27,0,3355,648,3368,3313.6,3313.6,-1,1.00032e+06,3359.6,2,3355,5,3635.62974.84135,6.48206e+08,3313.6,4026,3305.2,
IF1709,20170324,20170323,21:49:28,0,3355,648,3368,3313.6,3313.6,-1,1.00032e+06,3359.6,2,3355,5,3635.62974.84135,6.48206e+08,3313.6,4026,3305.2,
IF1709,20170324,20170323,21:49:28,500,3355,648,3368,3313.6,3313.6,-1,1.00032e+06,3359.2,1,3355,5,3635.62974.84135,6.48206e+08,3313.6,4026,3305.2,
IF1709,20170324,20170323,21:49:29,0,3355,648,3368,3313.6,3313.6,-1,1.00032e+06,3359,1,3355,5,3635.62974.84135,6.48206e+08,3313.6,4026,3305.2,
IF1709,20170324,20170323,21:49:30,0,3355,648,3368,3313.6,3313.6,-1,1.00032e+06,3358.6,1,3355,5,3635.62974.84135,6.48206e+08,3313.6,4026,3305.2,
IF1709,20170324,20170323,21:49:30,500,3355,648,3368,3313.6,3313.6,-1,1.00032e+06,3358.6,1,3355,5,3635.62974.84135,6.48206e+08,3313.6,4026,3305.2,
IF1709,20170324,20170323,21:49:31,500,3355,648,3368,3313.6,3313.6,-1,1.00032e+06,3358.4,1,3355,5,3635.62974.84135,6.48206e+08,3313.6,4026,3305.2,
IF1709,20170324,20170323,21:49:32,500,3355,648,3368,3313.6,3313.6,-1,1.00032e+06,3358.2,1,3355,5,3635.62974.84135,6.48206e+08,3313.6,4026,3305.2,
IF1709,20170324,20170323,21:49:33,0,3355,648,3368,3313.6,3313.6,-1,1.00032e+06,3358.2,1,3355,5,3635.62974.84135,6.48206e+08,3313.6,4026,3305.2,
IF1709,20170324,20170323,21:49:33,500,3355,648,3368,3313.6,3313.6,-1,1.00032e+06,3358,1,3355,5,3635.62974.84135,6.48206e+08,3313.6,4026,3305.2,
IF1709,20170324,20170323,21:49:34,500,3355,648,3368,3313.6,3313.6,-1,1.00032e+06,3358,1,3355,5,3635.62974.84135,6.48206e+08,3313.6,4026,3305.2,
IF1709,20170324,20170323,21:49:35,0,3355,648,3368,3313.6,3313.6,-1,1.00032e+06,3357.8,1,3355,5,3635.62974.84135,6.48206e+08,3313.6,4026,3305.2,
IF1709,20170324,20170323,21:49:36,0,3355,648,3368,3313.6,3313.6,-1,1.00032e+06,3357.8,1,3355,5,3635.62974.84135,6.48206e+08,3313.6,4026,3305.2,
IF1709,20170324,20170323,21:49:36,500,3355,648,3368,3313.6,3313.6,-1,1.00032e+06,3357.8,1,3355,5,3635.62974.84135,6.48206e+08,3313.6,4026,3305.2,
IF1709,20170324,20170323,21:49:39,500,3355,648,3368,3313.6,3313.6,-1,1.00032e+06,3357.8,1,3355,5,3635.62974.84135,6.48206e+08,3313.6,4026,3305.2,
IF1709,20170324,20170323,21:49:42,500,3355,648,3368,3313.6,3313.6,-1,1.00032e+06,3357.4,1,3355,5,3635.62974.84135,6.48206e+08,3313.6,4026,3305.2,
IF1709,20170324,20170323,21:49:49,0,3355,648,3368,3313.6,3313.6,-1,1.00032e+06,3357.4,1,3355.2,1,3635.62974.84135,6.48206e+08,3313.6,4026,3305.2,
IF1709,20170324,20170323,21:49:50,0,3355,648,3368,3313.6,3313.6,-1,1.00032e+06,3357.4,1,3355,5,3635.62974.84135,6.48206e+08,3313.6,4026,3305.2,
