bu1706,20170310,20170310,11:30:00,500,2646,750270,2694,2628,2650,-1,26648.7,2646,167,2644,10,29002522596170,1.99937e+10,2680,612408,2712,
bu1706,20170310,20170310,11:30:00,500,2646,750270,2694,2628,2650,-1,26648.7,2646,167,2644,10,29002522596170,1.99937e+10,2680,612408,2712,
bu1706,20170310,20170310,00:09:50,0,2656,847288,2694,2628,2650,-1,26639,2658,401,2656,255,29002522608084,2.25709e+10,2680,612408,2712,
bu1706,20170310,20170310,00:09:50,500,2656,847288,2694,2628,2650,-1,26639,2658,401,2656,256,29002522608084,2.25709e+10,2680,612408,2712,
bu1706,20170310,20170310,00:09:51,0,2656,847288,2694,2628,2650,-1,26639,2658,401,2656,257,29002522608084,2.25709e+10,2680,612408,2712,
bu1706,20170310,20170310,00:09:51,500,2656,847288,2694,2628,2650,-1,26639,2658,400,2656,258,29002522608084,2.25709e+10,2680,612408,2712,
bu1706,20170310,20170310,00:09:52,0,2656,847288,2694,2628,2650,-1,26639,2658,400,2656,257,29002522608084,2.25709e+10,2680,612408,2712,
bu1706,20170310,20170310,00:09:52,500,2656,847288,2694,2628,2650,-1,26639,2658,400,2656,257,29002522608084,2.25709e+10,2680,612408,2712,
bu1706,20170310,20170310,00:09:53,0,2658,847304,2694,2628,2650,-1,26639,2658,392,2656,272,29002522608092,2.25713e+10,2680,612408,2712,
bu1706,20170310,20170310,00:09:53,500,2658,847304,2694,2628,2650,-1,26639,2658,391,2656,272,29002522608092,2.25713e+10,2680,612408,2712,
bu1706,20170310,20170310,00:09:54,0,2658,847304,2694,2628,2650,-1,26639,2658,391,2656,272,29002522608092,2.25713e+10,2680,612408,2712,
bu1706,20170310,20170310,00:09:54,500,2658,847304,2694,2628,2650,-1,26639,2658,391,2656,272,29002522608092,2.25713e+10,2680,612408,2712,
bu1706,20170310,20170310,00:09:55,0,2658,847304,2694,2628,2650,-1,26639,2658,391,2656,272,29002522608092,2.25713e+10,2680,612408,2712,
bu1706,20170310,20170310,00:09:55,500,2658,847304,2694,2628,2650,-1,26639,2658,393,2656,252,29002522608092,2.25713e+10,2680,612408,2712,
bu1706,20170310,20170310,00:09:56,0,2658,847304,2694,2628,2650,-1,26639,2658,393,2656,252,29002522608092,2.25713e+10,2680,612408,2712,
bu1706,20170310,20170310,00:09:56,500,2658,847304,2694,2628,2650,-1,26639,2658,394,2656,255,29002522608092,2.25713e+10,2680,612408,2712,
bu1706,20170310,20170310,00:09:57,0,2658,847304,2694,2628,2650,-1,26639,2658,394,2656,257,29002522608092,2.25713e+10,2680,612408,2712,
bu1706,20170310,20170310,00:09:58,0,2658,847304,2694,2628,2650,-1,26639,2658,394,2656,257,29002522608092,2.25713e+10,2680,612408,2712,
bu1706,20170310,20170310,00:09:58,500,2658,847304,2694,2628,2650,-1,26639,2658,393,2656,257,29002522608092,2.25713e+10,2680,612408,2712,
bu1706,20170310,20170310,00:09:59,500,2658,847304,2694,2628,2650,-1,26639,2658,393,2656,257,29002522608092,2.25713e+10,2680,612408,2712,
bu1706,20170310,20170310,00:10:01,500,2658,847326,2694,2628,2650,-1,26639,2658,382,2656,260,29002522608078,2.25719e+10,2680,612408,2712,
bu1706,20170310,20170310,00:10:02,0,2656,847336,2694,2628,2650,-1,26639,2658,380,2656,255,29002522608078,2.25722e+10,2680,612408,2712,
bu1706,20170310,20170310,00:10:03,0,2656,847336,2694,2628,2650,-1,26639,2658,380,2656,255,29002522608078,2.25722e+10,2680,612408,2712,
bu1706,20170310,20170310,00:10:03,500,2656,847336,2694,2628,2650,-1,26639,2658,380,2656,255,29002522608078,2.25722e+10,2680,612408,2712,
bu1706,20170310,20170310,00:10:04,500,2656,847336,2694,2628,2650,-1,26639,2658,374,2656,255,29002522608078,2.25722e+10,2680,612408,2712,
bu1706,20170310,20170310,00:10:05,0,2656,847336,2694,2628,2650,-1,26639,2658,374,2656,255,29002522608078,2.25722e+10,2680,612408,2712,
bu1706,20170310,20170310,00:10:05,500,2658,847338,2694,2628,2650,-1,26639,2658,373,2656,255,29002522608076,2.25722e+10,2680,612408,2712,
bu1706,20170310,20170310,00:10:06,500,2658,847338,2694,2628,2650,-1,26639,2658,373,2656,255,29002522608076,2.25722e+10,2680,612408,2712,
bu1706,20170310,20170310,00:10:07,0,2658,847338,2694,2628,2650,-1,26639,2658,375,2656,256,29002522608076,2.25722e+10,2680,612408,2712,
bu1706,20170310,20170310,00:10:08,0,2658,847340,2694,2628,2650,-1,26639,2658,374,2656,256,29002522608076,2.25723e+10,2680,612408,2712,
bu1706,20170310,20170310,00:10:08,500,2658,847340,2694,2628,2650,-1,26639,2658,374,2656,257,29002522608076,2.25723e+10,2680,612408,2712,
bu1706,20170310,20170310,00:10:09,0,2656,847344,2694,2628,2650,-1,26639,2658,374,2656,255,29002522608076,2.25724e+10,2680,612408,2712,
bu1706,20170310,20170310,00:10:09,500,2656,847344,2694,2628,2650,-1,26639,2658,374,2656,255,29002522608076,2.25724e+10,2680,612408,2712,
bu1706,20170310,20170310,00:10:10,0,2656,847344,2694,2628,2650,-1,26639,2658,374,2656,255,29002522608076,2.25724e+10,2680,612408,2712,
bu1706,20170310,20170310,00:10:10,500,2656,847344,2694,2628,2650,-1,26639,2658,374,2656,256,29002522608076,2.25724e+10,2680,612408,2712,
bu1706,20170310,20170310,00:10:11,0,2656,847344,2694,2628,2650,-1,26639,2658,374,2656,257,29002522608076,2.25724e+10,2680,612408,2712,
bu1706,20170310,20170310,00:10:11,500,2656,847344,2694,2628,2650,-1,26639,2658,384,2656,257,29002522608076,2.25724e+10,2680,612408,2712,
bu1706,20170310,20170310,00:10:12,0,2656,847346,2694,2628,2650,-1,26639,2658,386,2656,256,29002522608076,2.25724e+10,2680,612408,2712,
bu1706,20170310,20170310,00:10:13,0,2656,847346,2694,2628,2650,-1,26639,2658,357,2656,257,29002522608076,2.25724e+10,2680,612408,2712,
bu1706,20170310,20170310,00:10:13,500,2656,847346,2694,2628,2650,-1,26639,2658,357,2656,267,29002522608076,2.25724e+10,2680,612408,2712,
bu1706,20170310,20170310,00:10:14,0,2656,847346,2694,2628,2650,-1,26639,2658,357,2656,297,29002522608076,2.25724e+10,2680,612408,2712,
bu1706,20170310,20170310,00:10:16,0,2656,847346,2694,2628,2650,-1,26639,2658,347,2656,297,29002522608076,2.25724e+10,2680,612408,2712,
bu1706,20170310,20170310,00:10:16,500,2656,847404,2694,2628,2650,-1,26639,2658,347,2656,268,29002522608044,2.2574e+10,2680,612408,2712,
bu1706,20170310,20170310,00:10:17,0,2656,847404,2694,2628,2650,-1,26639,2658,347,2656,259,29002522608044,2.2574e+10,2680,612408,2712,
bu1706,20170310,20170310,00:10:17,500,2656,847404,2694,2628,2650,-1,26639,2658,347,2656,279,29002522608044,2.2574e+10,2680,612408,2712,
bu1706,20170310,20170310,00:10:18,0,2656,847404,2694,2628,2650,-1,26639,2658,347,2656,279,29002522608044,2.2574e+10,2680,612408,2712,
bu1706,20170310,20170310,00:10:18,500,2656,847404,2694,2628,2650,-1,26639,2658,347,2656,280,29002522608044,2.2574e+10,2680,612408,2712,
bu1706,20170310,20170310,00:10:19,0,2656,847404,2694,2628,2650,-1,26639,2658,347,2656,284,29002522608044,2.2574e+10,2680,612408,2712,
bu1706,20170310,20170310,00:10:20,0,2656,847404,2694,2628,2650,-1,26639,2658,347,2656,286,29002522608044,2.2574e+10,2680,612408,2712,
bu1706,20170310,20170310,00:10:20,500,2656,847404,2694,2628,2650,-1,26639,2658,347,2656,286,29002522608044,2.2574e+10,2680,612408,2712,
bu1706,20170310,20170310,00:10:21,500,2656,847404,2694,2628,2650,-1,26639,2658,347,2656,286,29002522608044,2.2574e+10,2680,612408,2712,
bu1706,20170310,20170310,00:10:23,0,2656,847404,2694,2628,2650,-1,26639,2658,347,2656,286,29002522608044,2.2574e+10,2680,612408,2712,
bu1706,20170310,20170310,00:10:23,500,2656,847404,2694,2628,2650,-1,26639,2658,347,2656,285,29002522608044,2.2574e+10,2680,612408,2712,
bu1706,20170310,20170310,00:10:24,500,2656,847404,2694,2628,2650,-1,26639,2658,347,2656,285,29002522608044,2.2574e+10,2680,612408,2712,
bu1706,20170310,20170310,00:10:26,500,2656,847412,2694,2628,2650,-1,26639,2658,347,2656,281,29002522608044,2.25742e+10,2680,612408,2712,
bu1706,20170310,20170310,00:10:27,0,2656,847412,2694,2628,2650,-1,26639,2658,347,2656,281,29002522608044,2.25742e+10,2680,612408,2712,
bu1706,20170310,20170310,00:10:27,500,2656,847412,2694,2628,2650,-1,26639,2658,347,2656,281,29002522608044,2.25742e+10,2680,612408,2712,
bu1706,20170310,20170310,00:10:28,0,2656,847412,2694,2628,2650,-1,26639,2658,347,2656,282,29002522608044,2.25742e+10,2680,612408,2712,
bu1706,20170310,20170310,00:10:28,500,2656,847416,2694,2628,2650,-1,26639,2658,347,2656,280,29002522608040,2.25743e+10,2680,612408,2712,
bu1706,20170310,20170310,00:10:29,0,2656,847416,2694,2628,2650,-1,26639,2658,347,2656,280,29002522608040,2.25743e+10,2680,612408,2712,
bu1706,20170310,20170310,00:10:29,500,2656,847416,2694,2628,2650,-1,26639,2658,348,2656,280,29002522608040,2.25743e+10,2680,612408,2712,
bu1706,20170310,20170310,00:10:30,0,2656,847416,2694,2628,2650,-1,26639,2658,348,2656,280,29002522608040,2.25743e+10,2680,612408,2712,
bu1706,20170310,20170310,00:10:30,500,2656,847416,2694,2628,2650,-1,26639,2658,348,2656,280,29002522608040,2.25743e+10,2680,612408,2712,
bu1706,20170310,20170310,00:10:31,0,2656,847416,2694,2628,2650,-1,26639,2658,348,2656,279,29002522608040,2.25743e+10,2680,612408,2712,
bu1706,20170310,20170310,00:10:31,500,2656,847416,2694,2628,2650,-1,26639,2658,348,2656,280,29002522608040,2.25743e+10,2680,612408,2712,
bu1706,20170310,20170310,00:10:32,0,2656,847416,2694,2628,2650,-1,26639,2658,348,2656,222,29002522608040,2.25743e+10,2680,612408,2712,
bu1706,20170310,20170310,00:10:33,0,2656,847416,2694,2628,2650,-1,26639,2658,348,2656,222,29002522608040,2.25743e+10,2680,612408,2712,
bu1706,20170310,20170310,00:10:33,500,2658,847418,2694,2628,2650,-1,26639,2658,347,2656,222,29002522608042,2.25744e+10,2680,612408,2712,
bu1706,20170310,20170310,00:10:34,0,2658,847418,2694,2628,2650,-1,26639,2658,347,2656,222,29002522608042,2.25744e+10,2680,612408,2712,
bu1706,20170310,20170310,00:10:34,500,2658,847418,2694,2628,2650,-1,26639,2658,347,2656,222,29002522608042,2.25744e+10,2680,612408,2712,
bu1706,20170310,20170310,00:10:35,500,2658,847418,2694,2628,2650,-1,26639,2658,347,2656,222,29002522608042,2.25744e+10,2680,612408,2712,
bu1706,20170310,20170310,00:10:36,0,2658,847418,2694,2628,2650,-1,26639,2658,350,2656,224,29002522608042,2.25744e+10,2680,612408,2712,
bu1706,20170310,20170310,00:10:36,500,2656,847420,2694,2628,2650,-1,26639,2658,349,2656,223,29002522608040,2.25744e+10,2680,612408,2712,
bu1706,20170310,20170310,00:10:37,0,2656,847420,2694,2628,2650,-1,26639,2658,350,2656,222,29002522608040,2.25744e+10,2680,612408,2712,
bu1706,20170310,20170310,00:10:37,500,2656,847438,2694,2628,2650,-1,26639,2658,350,2656,210,29002522608024,2.25749e+10,2680,612408,2712,
bu1706,20170310,20170310,00:10:38,0,2656,847438,2694,2628,2650,-1,26639,2658,364,2656,208,29002522608024,2.25749e+10,2680,612408,2712,
bu1706,20170310,20170310,00:10:38,500,2656,847438,2694,2628,2650,-1,26639,2658,386,2656,208,29002522608024,2.25749e+10,2680,612408,2712,
bu1706,20170310,20170310,00:10:39,0,2656,847438,2694,2628,2650,-1,26639,2658,386,2656,208,29002522608024,2.25749e+10,2680,612408,2712,
bu1706,20170310,20170310,00:10:40,0,2656,847438,2694,2628,2650,-1,26639,2658,386,2656,208,29002522608024,2.25749e+10,2680,612408,2712,
bu1706,20170310,20170310,00:10:40,500,2658,847440,2694,2628,2650,-1,26639,2658,385,2656,208,29002522608024,2.25749e+10,2680,612408,2712,
bu1706,20170310,20170310,00:10:41,0,2658,847440,2694,2628,2650,-1,26639,2658,385,2656,210,29002522608024,2.25749e+10,2680,612408,2712,
bu1706,20170310,20170310,00:10:42,0,2658,847440,2694,2628,2650,-1,26639,2658,385,2656,180,29002522608024,2.25749e+10,2680,612408,2712,
bu1706,20170310,20170310,00:10:43,0,2658,847440,2694,2628,2650,-1,26639,2658,385,2656,182,29002522608024,2.25749e+10,2680,612408,2712,
bu1706,20170310,20170310,00:10:44,0,2656,847444,2694,2628,2650,-1,26639,2658,385,2656,180,29002522608024,2.2575e+10,2680,612408,2712,
bu1706,20170310,20170310,00:10:44,500,2656,847444,2694,2628,2650,-1,26639,2658,390,2656,180,29002522608024,2.2575e+10,2680,612408,2712,
bu1706,20170310,20170310,00:10:45,0,2656,847444,2694,2628,2650,-1,26639,2658,390,2656,181,29002522608024,2.2575e+10,2680,612408,2712,
bu1706,20170310,20170310,00:10:45,500,2656,847584,2694,2628,2650,-1,26639,2658,390,2656,111,29002522608116,2.25788e+10,2680,612408,2712,
bu1706,20170310,20170310,00:10:46,500,2658,847586,2694,2628,2650,-1,26639,2658,389,2656,112,29002522608114,2.25788e+10,2680,612408,2712,
bu1706,20170310,20170310,00:10:47,500,2658,847586,2694,2628,2650,-1,26639,2658,389,2656,112,29002522608114,2.25788e+10,2680,612408,2712,
bu1706,20170310,20170310,00:10:48,0,2656,847588,2694,2628,2650,-1,26639,2658,389,2656,111,29002522608114,2.25789e+10,2680,612408,2712,
bu1706,20170310,20170310,00:10:48,500,2656,847590,2694,2628,2650,-1,26639,2658,389,2656,110,29002522608112,2.25789e+10,2680,612408,2712,
bu1706,20170310,20170310,00:10:49,0,2656,847590,2694,2628,2650,-1,26639,2658,390,2656,110,29002522608112,2.25789e+10,2680,612408,2712,
bu1706,20170310,20170310,00:10:49,500,2656,847590,2694,2628,2650,-1,26639,2658,391,2656,110,29002522608112,2.25789e+10,2680,612408,2712,
bu1706,20170310,20170310,00:10:50,0,2658,847600,2694,2628,2650,-1,26639,2658,386,2656,111,29002522608112,2.25792e+10,2680,612408,2712,
bu1706,20170310,20170310,00:10:50,500,2658,847600,2694,2628,2650,-1,26639,2658,546,2656,111,29002522608112,2.25792e+10,2680,612408,2712,
bu1706,20170310,20170310,00:10:51,0,2658,847600,2694,2628,2650,-1,26639,2658,386,2656,112,29002522608112,2.25792e+10,2680,612408,2712,
bu1706,20170310,20170310,00:10:51,500,2658,847600,2694,2628,2650,-1,26639,2658,386,2656,113,29002522608112,2.25792e+10,2680,612408,2712,
bu1706,20170310,20170310,00:10:52,0,2658,847600,2694,2628,2650,-1,26639,2658,386,2656,113,29002522608112,2.25792e+10,2680,612408,2712,
bu1706,20170310,20170310,00:10:52,500,2658,847600,2694,2628,2650,-1,26639,2658,387,2656,111,29002522608112,2.25792e+10,2680,612408,2712,
bu1706,20170310,20170310,00:10:53,0,2658,847600,2694,2628,2650,-1,26639,2658,547,2656,111,29002522608112,2.25792e+10,2680,612408,2712,
bu1706,20170310,20170310,00:10:53,500,2658,847600,2694,2628,2650,-1,26639,2658,387,2656,111,29002522608112,2.25792e+10,2680,612408,2712,
bu1706,20170310,20170310,00:10:54,0,2658,847600,2694,2628,2650,-1,26639,2658,387,2656,112,29002522608112,2.25792e+10,2680,612408,2712,
bu1706,20170310,20170310,00:10:54,500,2658,847600,2694,2628,2650,-1,26639,2658,402,2656,112,29002522608112,2.25792e+10,2680,612408,2712,
bu1706,20170310,20170310,00:10:55,0,2658,847610,2694,2628,2650,-1,26639,2658,382,2656,112,29002522608112,2.25795e+10,2680,612408,2712,
bu1706,20170310,20170310,00:10:55,500,2658,847610,2694,2628,2650,-1,26639,2658,382,2656,112,29002522608112,2.25795e+10,2680,612408,2712,
bu1706,20170310,20170310,00:10:56,0,2658,847612,2694,2628,2650,-1,26639,2658,381,2656,112,29002522608114,2.25795e+10,2680,612408,2712,
bu1706,20170310,20170310,00:10:57,0,2658,847612,2694,2628,2650,-1,26639,2658,380,2656,112,29002522608114,2.25795e+10,2680,612408,2712,
bu1706,20170310,20170310,00:10:57,500,2658,847612,2694,2628,2650,-1,26639,2658,380,2656,114,29002522608114,2.25795e+10,2680,612408,2712,
bu1706,20170310,20170310,00:10:58,500,2658,847612,2694,2628,2650,-1,26639,2658,380,2656,114,29002522608114,2.25795e+10,2680,612408,2712,
bu1706,20170310,20170310,00:10:59,0,2658,847618,2694,2628,2650,-1,26639,2658,377,2656,114,29002522608120,2.25797e+10,2680,612408,2712,
bu1706,20170310,20170310,00:10:59,500,2658,847618,2694,2628,2650,-1,26639,2658,377,2656,114,29002522608120,2.25797e+10,2680,612408,2712,
bu1706,20170310,20170310,00:11:00,0,2656,847638,2694,2628,2650,-1,26639,2658,377,2656,105,29002522608128,2.25802e+10,2680,612408,2712,
bu1706,20170310,20170310,00:11:00,500,2656,847684,2694,2628,2650,-1,26639,2658,418,2656,82,29002522608172,2.25814e+10,2680,612408,2712,
bu1706,20170310,20170310,00:11:01,0,2656,847684,2694,2628,2650,-1,26639,2658,418,2656,82,29002522608172,2.25814e+10,2680,612408,2712,
bu1706,20170310,20170310,00:11:02,0,2656,847684,2694,2628,2650,-1,26639,2658,578,2656,82,29002522608172,2.25814e+10,2680,612408,2712,
bu1706,20170310,20170310,00:11:02,500,2656,847684,2694,2628,2650,-1,26639,2658,418,2656,82,29002522608172,2.25814e+10,2680,612408,2712,
bu1706,20170310,20170310,00:11:03,0,2656,847684,2694,2628,2650,-1,26639,2658,418,2656,84,29002522608172,2.25814e+10,2680,612408,2712,
bu1706,20170310,20170310,00:11:03,500,2658,847686,2694,2628,2650,-1,26639,2658,417,2656,84,29002522608174,2.25815e+10,2680,612408,2712,
bu1706,20170310,20170310,00:11:04,0,2658,847686,2694,2628,2650,-1,26639,2658,417,2656,87,29002522608174,2.25815e+10,2680,612408,2712,
bu1706,20170310,20170310,00:13:59,500,2650,854068,2694,2628,2650,-1,26638,2652,304,2650,211,29002522608606,2.27507e+10,2680,612408,2712,
bu1706,20170310,20170310,00:14:00,0,2650,854070,2694,2628,2650,-1,26638,2652,304,2650,210,29002522608608,2.27508e+10,2680,612408,2712,
bu1706,20170310,20170310,00:14:00,500,2652,854090,2694,2628,2650,-1,26638,2652,294,2650,211,29002522608628,2.27513e+10,2680,612408,2712,
bu1706,20170310,20170310,00:14:01,0,2652,854090,2694,2628,2650,-1,26638,2652,283,2650,212,29002522608628,2.27513e+10,2680,612408,2712,
bu1706,20170310,20170310,00:14:01,500,2652,854090,2694,2628,2650,-1,26638,2652,283,2650,213,29002522608628,2.27513e+10,2680,612408,2712,
bu1706,20170310,20170310,00:14:02,0,2650,854092,2694,2628,2650,-1,26638,2652,283,2650,213,29002522608630,2.27513e+10,2680,612408,2712,
bu1706,20170310,20170310,00:14:02,500,2650,854092,2694,2628,2650,-1,26638,2652,285,2650,215,29002522608630,2.27513e+10,2680,612408,2712,
bu1706,20170310,20170310,00:14:03,0,2650,854094,2694,2628,2650,-1,26638,2652,285,2650,214,29002522608632,2.27514e+10,2680,612408,2712,
bu1706,20170310,20170310,00:14:03,500,2650,854094,2694,2628,2650,-1,26638,2652,285,2650,214,29002522608632,2.27514e+10,2680,612408,2712,
bu1706,20170310,20170310,00:14:04,0,2650,854096,2694,2628,2650,-1,26638,2652,285,2650,214,29002522608634,2.27514e+10,2680,612408,2712,
bu1706,20170310,20170310,00:14:04,500,2652,854108,2694,2628,2650,-1,26638,2652,280,2650,233,29002522608644,2.27518e+10,2680,612408,2712,
bu1706,20170310,20170310,00:14:05,0,2650,854178,2694,2628,2650,-1,26638,2652,280,2650,198,29002522608714,2.27536e+10,2680,612408,2712,
bu1706,20170310,20170310,00:14:05,500,2650,854178,2694,2628,2650,-1,26638,2652,291,2650,195,29002522608714,2.27536e+10,2680,612408,2712,
bu1706,20170310,20170310,00:14:06,500,2650,854178,2694,2628,2650,-1,26638,2652,292,2650,196,29002522608714,2.27536e+10,2680,612408,2712,
bu1706,20170310,20170310,00:14:07,0,2652,854180,2694,2628,2650,-1,26638,2652,291,2650,205,29002522608716,2.27537e+10,2680,612408,2712,
bu1706,20170310,20170310,00:14:08,0,2652,854182,2694,2628,2650,-1,26638,2652,290,2650,206,29002522608718,2.27537e+10,2680,612408,2712,
bu1706,20170310,20170310,00:14:08,500,2652,854182,2694,2628,2650,-1,26638,2652,291,2650,216,29002522608718,2.27537e+10,2680,612408,2712,
bu1706,20170310,20170310,00:14:09,0,2652,854182,2694,2628,2650,-1,26638,2652,291,2650,216,29002522608718,2.27537e+10,2680,612408,2712,
bu1706,20170310,20170310,00:14:09,500,2652,854182,2694,2628,2650,-1,26638,2652,291,2650,223,29002522608718,2.27537e+10,2680,612408,2712,
bu1706,20170310,20170310,00:14:10,0,2652,854188,2694,2628,2650,-1,26638,2652,289,2650,222,29002522608724,2.27539e+10,2680,612408,2712,
bu1706,20170310,20170310,00:14:10,500,2650,854194,2694,2628,2650,-1,26638,2652,278,2650,221,29002522608730,2.2754e+10,2680,612408,2712,
bu1706,20170310,20170310,00:14:11,0,2650,854194,2694,2628,2650,-1,26638,2652,278,2650,221,29002522608730,2.2754e+10,2680,612408,2712,
bu1706,20170310,20170310,00:14:11,500,2650,854194,2694,2628,2650,-1,26638,2652,278,2650,221,29002522608730,2.2754e+10,2680,612408,2712,
bu1706,20170310,20170310,00:14:12,0,2650,854194,2694,2628,2650,-1,26638,2652,278,2650,221,29002522608730,2.2754e+10,2680,612408,2712,
bu1706,20170310,20170310,00:14:12,500,2650,854194,2694,2628,2650,-1,26638,2652,278,2650,221,29002522608730,2.2754e+10,2680,612408,2712,
bu1706,20170310,20170310,00:14:13,0,2650,854194,2694,2628,2650,-1,26638,2652,278,2650,222,29002522608730,2.2754e+10,2680,612408,2712,
bu1706,20170310,20170310,00:14:13,500,2650,854198,2694,2628,2650,-1,26638,2652,280,2650,220,29002522608730,2.27541e+10,2680,612408,2712,
bu1706,20170310,20170310,00:14:14,0,2650,854198,2694,2628,2650,-1,26638,2652,280,2650,221,29002522608730,2.27541e+10,2680,612408,2712,
bu1706,20170310,20170310,00:14:14,500,2652,854200,2694,2628,2650,-1,26638,2652,279,2650,221,29002522608732,2.27542e+10,2680,612408,2712,
bu1706,20170310,20170310,00:14:15,0,2650,854204,2694,2628,2650,-1,26638,2652,279,2650,223,29002522608732,2.27543e+10,2680,612408,2712,
bu1706,20170310,20170310,00:14:15,500,2650,854408,2694,2628,2650,-1,26638,2652,279,2650,124,29002522608900,2.27597e+10,2680,612408,2712,
bu1706,20170310,20170310,00:14:16,0,2650,854416,2694,2628,2650,-1,26638,2652,290,2650,120,29002522608900,2.27599e+10,2680,612408,2712,
bu1706,20170310,20170310,00:14:16,500,2652,854490,2694,2628,2650,-1,26638,2652,284,2650,89,29002522608888,2.27619e+10,2680,612408,2712,
bu1706,20170310,20170310,00:14:17,0,2650,854494,2694,2628,2650,-1,26638,2652,285,2650,87,29002522608892,2.2762e+10,2680,612408,2712,
bu1706,20170310,20170310,00:14:18,0,2650,854496,2694,2628,2650,-1,26638,2652,285,2650,103,29002522608894,2.2762e+10,2680,612408,2712,
bu1706,20170310,20170310,00:14:18,500,2650,854500,2694,2628,2650,-1,26638,2652,285,2650,109,29002522608898,2.27622e+10,2680,612408,2712,
bu1706,20170310,20170310,00:14:19,0,2652,854510,2694,2628,2650,-1,26638,2652,281,2650,119,29002522608904,2.27624e+10,2680,612408,2712,
bu1706,20170310,20170310,00:14:19,500,2652,854512,2694,2628,2650,-1,26638,2652,281,2650,119,29002522608904,2.27625e+10,2680,612408,2712,
bu1706,20170310,20170310,00:14:20,0,2650,854518,2694,2628,2650,-1,26638,2652,281,2650,118,29002522608900,2.27626e+10,2680,612408,2712,
bu1706,20170310,20170310,00:14:20,500,2650,854520,2694,2628,2650,-1,26638,2652,283,2650,117,29002522608902,2.27627e+10,2680,612408,2712,
bu1706,20170310,20170310,00:14:21,0,2650,854600,2694,2628,2650,-1,26638,2652,283,2650,78,29002522608982,2.27648e+10,2680,612408,2712,
bu1706,20170310,20170310,00:14:21,500,2650,854600,2694,2628,2650,-1,26638,2652,290,2650,79,29002522608982,2.27648e+10,2680,612408,2712,
bu1706,20170310,20170310,00:14:22,0,2650,854600,2694,2628,2650,-1,26638,2652,294,2650,79,29002522608982,2.27648e+10,2680,612408,2712,
bu1706,20170310,20170310,00:14:22,500,2650,854602,2694,2628,2650,-1,26638,2652,294,2650,78,29002522608984,2.27649e+10,2680,612408,2712,
bu1706,20170310,20170310,00:14:23,0,2650,854604,2694,2628,2650,-1,26638,2652,294,2650,128,29002522608986,2.27649e+10,2680,612408,2712,
bu1706,20170310,20170310,00:14:23,500,2650,854610,2694,2628,2650,-1,26638,2652,281,2650,127,29002522608980,2.27651e+10,2680,612408,2712,
bu1706,20170310,20170310,00:14:24,0,2650,854624,2694,2628,2650,-1,26638,2652,277,2650,124,29002522608974,2.27654e+10,2680,612408,2712,
bu1706,20170310,20170310,00:14:24,500,2650,854624,2694,2628,2650,-1,26638,2652,282,2650,124,29002522608974,2.27654e+10,2680,612408,2712,
bu1706,20170310,20170310,00:14:25,0,2650,854624,2694,2628,2650,-1,26638,2652,282,2650,124,29002522608974,2.27654e+10,2680,612408,2712,
bu1706,20170310,20170310,00:14:25,500,2650,854624,2694,2628,2650,-1,26638,2652,282,2650,125,29002522608974,2.27654e+10,2680,612408,2712,
bu1706,20170310,20170310,00:14:26,0,2650,854624,2694,2628,2650,-1,26638,2652,282,2650,133,29002522608974,2.27654e+10,2680,612408,2712,
bu1706,20170310,20170310,00:14:26,500,2652,854628,2694,2628,2650,-1,26638,2652,280,2650,134,29002522608974,2.27655e+10,2680,612408,2712,
bu1706,20170310,20170310,00:14:27,0,2652,854628,2694,2628,2650,-1,26638,2652,279,2650,135,29002522608974,2.27655e+10,2680,612408,2712,
bu1706,20170310,20170310,00:14:27,500,2652,854628,2694,2628,2650,-1,26638,2652,281,2650,136,29002522608974,2.27655e+10,2680,612408,2712,
bu1706,20170310,20170310,00:14:28,0,2652,854628,2694,2628,2650,-1,26638,2652,281,2650,136,29002522608974,2.27655e+10,2680,612408,2712,
bu1706,20170310,20170310,00:14:28,500,2652,854628,2694,2628,2650,-1,26638,2652,291,2650,142,29002522608974,2.27655e+10,2680,612408,2712,
bu1706,20170310,20170310,00:14:29,0,2652,854628,2694,2628,2650,-1,26638,2652,291,2650,142,29002522608974,2.27655e+10,2680,612408,2712,
bu1706,20170310,20170310,00:14:29,500,2652,854628,2694,2628,2650,-1,26638,2652,291,2650,144,29002522608974,2.27655e+10,2680,612408,2712,
bu1706,20170310,20170310,00:14:30,0,2652,854630,2694,2628,2650,-1,26638,2652,291,2650,296,29002522608974,2.27656e+10,2680,612408,2712,
bu1706,20170310,20170310,00:14:30,500,2652,854630,2694,2628,2650,-1,26638,2652,291,2650,328,29002522608974,2.27656e+10,2680,612408,2712,
bu1706,20170310,20170310,00:14:31,0,2652,854630,2694,2628,2650,-1,26638,2652,291,2650,328,29002522608974,2.27656e+10,2680,612408,2712,
bu1706,20170310,20170310,00:14:31,500,2652,854630,2694,2628,2650,-1,26638,2652,291,2650,328,29002522608974,2.27656e+10,2680,612408,2712,
bu1706,20170310,20170310,00:14:32,0,2652,854630,2694,2628,2650,-1,26638,2652,341,2650,330,29002522608974,2.27656e+10,2680,612408,2712,
bu1706,20170310,20170310,00:14:32,500,2652,854630,2694,2628,2650,-1,26638,2652,344,2650,334,29002522608974,2.27656e+10,2680,612408,2712,
bu1706,20170310,20170310,00:14:33,0,2652,854630,2694,2628,2650,-1,26638,2652,347,2650,334,29002522608974,2.27656e+10,2680,612408,2712,
bu1706,20170310,20170310,00:14:33,500,2652,855004,2694,2628,2650,-1,26637.9,2652,160,2650,334,29002522609112,2.27755e+10,2680,612408,2712,
bu1706,20170310,20170310,00:14:34,0,2652,855004,2694,2628,2650,-1,26637.9,2652,159,2650,334,29002522609112,2.27755e+10,2680,612408,2712,
bu1706,20170310,20170310,00:14:34,500,2652,855006,2694,2628,2650,-1,26637.9,2652,158,2650,335,29002522609110,2.27756e+10,2680,612408,2712,
bu1706,20170310,20170310,00:14:35,0,2652,855008,2694,2628,2650,-1,26637.9,2652,157,2650,334,29002522609108,2.27756e+10,2680,612408,2712,
bu1706,20170310,20170310,00:14:35,500,2652,855016,2694,2628,2650,-1,26637.9,2652,150,2650,335,29002522609102,2.27758e+10,2680,612408,2712,
bu1706,20170310,20170310,00:14:36,0,2652,855018,2694,2628,2650,-1,26637.9,2652,100,2650,335,29002522609102,2.27759e+10,2680,612408,2712,
bu1706,20170310,20170310,00:14:36,500,2652,855030,2694,2628,2650,-1,26637.9,2652,94,2650,333,29002522609098,2.27762e+10,2680,612408,2712,
bu1706,20170310,20170310,00:14:37,0,2652,855036,2694,2628,2650,-1,26637.9,2652,93,2650,331,29002522609098,2.27764e+10,2680,612408,2712,
bu1706,20170310,20170310,00:14:37,500,2652,855056,2694,2628,2650,-1,26637.9,2652,83,2650,331,29002522609096,2.27769e+10,2680,612408,2712,
bu1706,20170310,20170310,00:14:38,0,2652,855358,2694,2628,2650,-1,26637.9,2652,72,2650,174,29002522609020,2.27849e+10,2680,612408,2712,
bu1706,20170310,20170310,00:14:38,500,2652,855364,2694,2628,2650,-1,26637.8,2652,75,2650,166,29002522609020,2.27851e+10,2680,612408,2712,
bu1706,20170310,20170310,00:14:39,0,2652,855364,2694,2628,2650,-1,26637.8,2652,90,2650,166,29002522609020,2.27851e+10,2680,612408,2712,
bu1706,20170310,20170310,00:14:39,500,2652,855364,2694,2628,2650,-1,26637.8,2652,90,2650,166,29002522609020,2.27851e+10,2680,612408,2712,
bu1706,20170310,20170310,00:14:40,0,2652,855364,2694,2628,2650,-1,26637.8,2652,90,2650,166,29002522609020,2.27851e+10,2680,612408,2712,
bu1706,20170310,20170310,00:14:40,500,2652,855366,2694,2628,2650,-1,26637.8,2652,89,2650,167,29002522609018,2.27851e+10,2680,612408,2712,
bu1706,20170310,20170310,00:14:41,0,2652,855368,2694,2628,2650,-1,26637.8,2652,98,2650,168,29002522609016,2.27852e+10,2680,612408,2712,
bu1706,20170310,20170310,00:14:41,500,2652,855564,2694,2628,2650,-1,26637.8,2654,543,2652,52,29002522609098,2.27904e+10,2680,612408,2712,
bu1706,20170310,20170310,00:14:42,0,2654,855582,2694,2628,2650,-1,26637.8,2654,536,2652,72,29002522609098,2.27908e+10,2680,612408,2712,
bu1706,20170310,20170310,00:14:42,500,2652,855594,2694,2628,2650,-1,26637.8,2654,416,2652,68,29002522609100,2.27912e+10,2680,612408,2712,
bu1706,20170310,20170310,00:14:43,0,2652,855594,2694,2628,2650,-1,26637.8,2654,368,2652,68,29002522609100,2.27912e+10,2680,612408,2712,
bu1706,20170310,20170310,00:14:43,500,2652,855594,2694,2628,2650,-1,26637.8,2654,368,2652,68,29002522609100,2.27912e+10,2680,612408,2712,
bu1706,20170310,20170310,00:14:44,0,2652,855594,2694,2628,2650,-1,26637.8,2654,368,2652,68,29002522609100,2.27912e+10,2680,612408,2712,
bu1706,20170310,20170310,00:14:44,500,2652,855598,2694,2628,2650,-1,26637.8,2654,368,2652,66,29002522609104,2.27913e+10,2680,612408,2712,
bu1706,20170310,20170310,00:14:45,500,2652,855598,2694,2628,2650,-1,26637.8,2654,519,2652,67,29002522609104,2.27913e+10,2680,612408,2712,
bu1706,20170310,20170310,00:14:46,0,2652,855598,2694,2628,2650,-1,26637.8,2654,519,2652,67,29002522609104,2.27913e+10,2680,612408,2712,
bu1706,20170310,20170310,00:14:46,500,2652,855712,2694,2628,2650,-1,26637.8,2654,519,2652,10,29002522609178,2.27943e+10,2680,612408,2712,
bu1706,20170310,20170310,00:14:47,0,2652,855732,2694,2628,2650,-1,26637.8,2652,51,2650,203,29002522609186,2.27948e+10,2680,612408,2712,
bu1706,20170310,20170310,00:14:47,500,2652,855732,2694,2628,2650,-1,26637.8,2652,59,2650,223,29002522609186,2.27948e+10,2680,612408,2712,
bu1706,20170310,20170310,00:14:48,0,2652,855736,2694,2628,2650,-1,26637.8,2652,55,2650,223,29002522609186,2.27949e+10,2680,612408,2712,
bu1706,20170310,20170310,00:14:48,500,2652,855736,2694,2628,2650,-1,26637.8,2652,56,2650,223,29002522609186,2.27949e+10,2680,612408,2712,
bu1706,20170310,20170310,00:14:49,0,2652,855736,2694,2628,2650,-1,26637.8,2652,156,2650,224,29002522609186,2.27949e+10,2680,612408,2712,
bu1706,20170310,20170310,00:14:49,500,2652,855736,2694,2628,2650,-1,26637.8,2652,165,2650,224,29002522609186,2.27949e+10,2680,612408,2712,
bu1706,20170310,20170310,00:14:50,0,2652,855738,2694,2628,2650,-1,26637.8,2652,172,2650,224,29002522609188,2.2795e+10,2680,612408,2712,
bu1706,20170310,20170310,00:14:50,500,2652,855738,2694,2628,2650,-1,26637.8,2652,172,2650,225,29002522609188,2.2795e+10,2680,612408,2712,
bu1706,20170310,20170310,00:14:51,0,2652,855762,2694,2628,2650,-1,26637.8,2652,172,2650,214,29002522609212,2.27956e+10,2680,612408,2712,
bu1706,20170310,20170310,00:14:51,500,2652,855764,2694,2628,2650,-1,26637.8,2652,171,2650,194,29002522609214,2.27957e+10,2680,612408,2712,
bu1706,20170310,20170310,00:14:52,0,2652,855814,2694,2628,2650,-1,26637.8,2652,146,2650,194,29002522609254,2.2797e+10,2680,612408,2712,
bu1706,20170310,20170310,00:14:52,500,2652,855814,2694,2628,2650,-1,26637.8,2652,138,2650,195,29002522609254,2.2797e+10,2680,612408,2712,
bu1706,20170310,20170310,00:14:53,0,2652,855814,2694,2628,2650,-1,26637.8,2652,138,2650,196,29002522609254,2.2797e+10,2680,612408,2712,
bu1706,20170310,20170310,00:14:53,500,2652,855820,2694,2628,2650,-1,26637.8,2652,135,2650,219,29002522609256,2.27972e+10,2680,612408,2712,
bu1706,20170310,20170310,00:14:54,0,2652,855822,2694,2628,2650,-1,26637.8,2652,151,2650,219,29002522609258,2.27972e+10,2680,612408,2712,
bu1706,20170310,20170310,00:14:54,500,2650,855824,2694,2628,2650,-1,26637.8,2652,151,2650,219,29002522609258,2.27973e+10,2680,612408,2712,
bu1706,20170310,20170310,00:14:55,0,2650,855824,2694,2628,2650,-1,26637.8,2652,154,2650,219,29002522609258,2.27973e+10,2680,612408,2712,
bu1706,20170310,20170310,00:14:55,500,2652,855826,2694,2628,2650,-1,26637.8,2652,153,2650,219,29002522609260,2.27973e+10,2680,612408,2712,
bu1706,20170310,20170310,00:14:56,0,2652,855826,2694,2628,2650,-1,26637.8,2652,163,2650,219,29002522609260,2.27973e+10,2680,612408,2712,
bu1706,20170310,20170310,00:14:56,500,2652,855836,2694,2628,2650,-1,26637.8,2652,166,2650,219,29002522609270,2.27976e+10,2680,612408,2712,
bu1706,20170310,20170310,00:14:57,0,2652,855838,2694,2628,2650,-1,26637.8,2652,165,2650,219,29002522609272,2.27976e+10,2680,612408,2712,
bu1706,20170310,20170310,00:14:58,0,2652,855838,2694,2628,2650,-1,26637.8,2652,165,2650,221,29002522609272,2.27976e+10,2680,612408,2712,
bu1706,20170310,20170310,00:14:58,500,2652,855838,2694,2628,2650,-1,26637.8,2652,165,2650,221,29002522609272,2.27976e+10,2680,612408,2712,
bu1706,20170310,20170310,00:14:59,0,2652,855840,2694,2628,2650,-1,26637.8,2652,180,2650,222,29002522609272,2.27977e+10,2680,612408,2712,
bu1706,20170310,20170310,00:14:59,500,2650,855848,2694,2628,2650,-1,26637.8,2652,179,2650,219,29002522609274,2.27979e+10,2680,612408,2712,
bu1706,20170310,20170310,00:15:00,0,2650,855874,2694,2628,2650,-1,26637.8,2652,180,2650,206,29002522609278,2.27986e+10,2680,612408,2712,
bu1706,20170310,20170310,00:15:00,500,2650,855874,2694,2628,2650,-1,26637.8,2652,180,2650,186,29002522609278,2.27986e+10,2680,612408,2712,
bu1706,20170310,20170310,00:15:01,0,2650,855874,2694,2628,2650,-1,26637.8,2652,180,2650,191,29002522609278,2.27986e+10,2680,612408,2712,
bu1706,20170310,20170310,00:15:01,500,2652,855884,2694,2628,2650,-1,26637.8,2652,175,2650,191,29002522609278,2.27988e+10,2680,612408,2712,
bu1706,20170310,20170310,00:15:02,0,2652,855884,2694,2628,2650,-1,26637.8,2652,175,2650,192,29002522609278,2.27988e+10,2680,612408,2712,
bu1706,20170310,20170310,00:15:02,500,2652,855884,2694,2628,2650,-1,26637.8,2652,175,2650,192,29002522609278,2.27988e+10,2680,612408,2712,
bu1706,20170310,20170310,00:15:03,0,2652,855884,2694,2628,2650,-1,26637.8,2652,175,2650,211,29002522609278,2.27988e+10,2680,612408,2712,
bu1706,20170310,20170310,00:15:03,500,2652,855884,2694,2628,2650,-1,26637.8,2652,179,2650,211,29002522609278,2.27988e+10,2680,612408,2712,
bu1706,20170310,20170310,00:15:04,0,2652,855884,2694,2628,2650,-1,26637.8,2652,189,2650,211,29002522609278,2.27988e+10,2680,612408,2712,
bu1706,20170310,20170310,00:15:04,500,2652,855884,2694,2628,2650,-1,26637.8,2652,190,2650,211,29002522609278,2.27988e+10,2680,612408,2712,
bu1706,20170310,20170310,00:15:05,0,2652,855884,2694,2628,2650,-1,26637.8,2652,191,2650,211,29002522609278,2.27988e+10,2680,612408,2712,
bu1706,20170310,20170310,00:15:05,500,2652,855884,2694,2628,2650,-1,26637.8,2652,192,2650,214,29002522609278,2.27988e+10,2680,612408,2712,
bu1706,20170310,20170310,00:15:06,0,2652,855884,2694,2628,2650,-1,26637.8,2652,192,2650,216,29002522609278,2.27988e+10,2680,612408,2712,
bu1706,20170310,20170310,00:15:06,500,2652,855884,2694,2628,2650,-1,26637.8,2652,192,2650,218,29002522609278,2.27988e+10,2680,612408,2712,
bu1706,20170310,20170310,00:15:07,0,2652,855886,2694,2628,2650,-1,26637.8,2652,218,2650,218,29002522609278,2.27989e+10,2680,612408,2712,
bu1706,20170310,20170310,00:15:07,500,2652,855886,2694,2628,2650,-1,26637.8,2652,218,2650,218,29002522609278,2.27989e+10,2680,612408,2712,
bu1706,20170310,20170310,00:15:08,0,2650,855888,2694,2628,2650,-1,26637.8,2652,218,2650,217,29002522609278,2.2799e+10,2680,612408,2712,
bu1706,20170310,20170310,00:15:08,500,2650,855888,2694,2628,2650,-1,26637.8,2652,219,2650,217,29002522609278,2.2799e+10,2680,612408,2712,
bu1706,20170310,20170310,00:15:09,0,2650,855888,2694,2628,2650,-1,26637.8,2652,212,2650,218,29002522609278,2.2799e+10,2680,612408,2712,
bu1706,20170310,20170310,00:15:09,500,2650,855888,2694,2628,2650,-1,26637.8,2652,213,2650,218,29002522609278,2.2799e+10,2680,612408,2712,
bu1706,20170310,20170310,00:15:10,0,2650,855888,2694,2628,2650,-1,26637.8,2652,213,2650,218,29002522609278,2.2799e+10,2680,612408,2712,
bu1706,20170310,20170310,00:15:10,500,2650,855888,2694,2628,2650,-1,26637.8,2652,213,2650,218,29002522609278,2.2799e+10,2680,612408,2712,
bu1706,20170310,20170310,00:15:11,0,2652,855890,2694,2628,2650,-1,26637.8,2652,212,2650,218,29002522609278,2.2799e+10,2680,612408,2712,
bu1706,20170310,20170310,00:15:11,500,2652,855890,2694,2628,2650,-1,26637.8,2652,213,2650,218,29002522609278,2.2799e+10,2680,612408,2712,
bu1706,20170310,20170310,00:15:12,0,2652,855890,2694,2628,2650,-1,26637.8,2652,219,2650,218,29002522609278,2.2799e+10,2680,612408,2712,
bu1706,20170310,20170310,00:15:12,500,2652,855890,2694,2628,2650,-1,26637.8,2652,219,2650,217,29002522609278,2.2799e+10,2680,612408,2712,
bu1706,20170310,20170310,00:15:13,0,2652,855890,2694,2628,2650,-1,26637.8,2652,219,2650,217,29002522609278,2.2799e+10,2680,612408,2712,
bu1706,20170310,20170310,00:15:13,500,2650,855894,2694,2628,2650,-1,26637.8,2652,218,2650,222,29002522609280,2.27991e+10,2680,612408,2712,
bu1706,20170310,20170310,00:15:14,0,2650,855894,2694,2628,2650,-1,26637.8,2652,219,2650,222,29002522609280,2.27991e+10,2680,612408,2712,
bu1706,20170310,20170310,00:15:14,500,2650,855894,2694,2628,2650,-1,26637.8,2652,219,2650,222,29002522609280,2.27991e+10,2680,612408,2712,
bu1706,20170310,20170310,00:15:15,0,2652,855908,2694,2628,2650,-1,26637.8,2652,218,2650,216,29002522609294,2.27995e+10,2680,612408,2712,
bu1706,20170310,20170310,00:15:15,500,2652,855908,2694,2628,2650,-1,26637.8,2652,217,2650,216,29002522609294,2.27995e+10,2680,612408,2712,
bu1706,20170310,20170310,00:15:16,0,2652,855912,2694,2628,2650,-1,26637.8,2652,217,2650,221,29002522609296,2.27996e+10,2680,612408,2712,
bu1706,20170310,20170310,00:15:16,500,2652,855912,2694,2628,2650,-1,26637.8,2652,218,2650,241,29002522609296,2.27996e+10,2680,612408,2712,
bu1706,20170310,20170310,00:15:17,0,2650,855918,2694,2628,2650,-1,26637.8,2652,217,2650,244,29002522609296,2.27997e+10,2680,612408,2712,
bu1706,20170310,20170310,00:15:17,500,2650,855918,2694,2628,2650,-1,26637.8,2652,217,2650,244,29002522609296,2.27997e+10,2680,612408,2712,
bu1706,20170310,20170310,00:15:18,0,2650,855918,2694,2628,2650,-1,26637.8,2652,218,2650,244,29002522609296,2.27997e+10,2680,612408,2712,
bu1706,20170310,20170310,00:15:18,500,2650,855922,2694,2628,2650,-1,26637.8,2652,218,2650,242,29002522609296,2.27999e+10,2680,612408,2712,
bu1706,20170310,20170310,00:15:19,0,2650,855922,2694,2628,2650,-1,26637.8,2652,218,2650,242,29002522609296,2.27999e+10,2680,612408,2712,
bu1706,20170310,20170310,00:15:19,500,2650,855922,2694,2628,2650,-1,26637.8,2652,217,2650,243,29002522609296,2.27999e+10,2680,612408,2712,
bu1706,20170310,20170310,00:15:20,0,2650,855924,2694,2628,2650,-1,26637.8,2652,218,2650,260,29002522609296,2.27999e+10,2680,612408,2712,
bu1706,20170310,20170310,00:15:20,500,2650,855926,2694,2628,2650,-1,26637.8,2652,218,2650,259,29002522609298,2.28e+10,2680,612408,2712,
bu1706,20170310,20170310,00:15:21,0,2650,855926,2694,2628,2650,-1,26637.8,2652,218,2650,259,29002522609298,2.28e+10,2680,612408,2712,
bu1706,20170310,20170310,00:15:22,0,2650,855926,2694,2628,2650,-1,26637.8,2652,236,2650,264,29002522609298,2.28e+10,2680,612408,2712,
bu1706,20170310,20170310,00:15:22,500,2652,855928,2694,2628,2650,-1,26637.8,2652,236,2650,265,29002522609298,2.28e+10,2680,612408,2712,
bu1706,20170310,20170310,00:15:23,0,2652,855940,2694,2628,2650,-1,26637.8,2652,231,2650,264,29002522609302,2.28003e+10,2680,612408,2712,
bu1706,20170310,20170310,00:15:23,500,2650,855944,2694,2628,2650,-1,26637.8,2652,231,2650,267,29002522609306,2.28004e+10,2680,612408,2712,
bu1706,20170310,20170310,00:15:24,0,2652,855946,2694,2628,2650,-1,26637.8,2652,230,2650,267,29002522609306,2.28005e+10,2680,612408,2712,
bu1706,20170310,20170310,00:15:24,500,2652,855946,2694,2628,2650,-1,26637.8,2652,230,2650,267,29002522609306,2.28005e+10,2680,612408,2712,
bu1706,20170310,20170310,00:15:25,0,2652,855946,2694,2628,2650,-1,26637.8,2652,236,2650,268,29002522609306,2.28005e+10,2680,612408,2712,
bu1706,20170310,20170310,00:15:25,500,2650,855948,2694,2628,2650,-1,26637.8,2652,244,2650,267,29002522609308,2.28005e+10,2680,612408,2712,
bu1706,20170310,20170310,00:15:26,0,2650,855950,2694,2628,2650,-1,26637.8,2652,244,2650,266,29002522609310,2.28006e+10,2680,612408,2712,
bu1706,20170310,20170310,00:15:26,500,2650,855952,2694,2628,2650,-1,26637.8,2652,244,2650,269,29002522609312,2.28006e+10,2680,612408,2712,
bu1706,20170310,20170310,00:15:27,0,2650,855958,2694,2628,2650,-1,26637.8,2652,244,2650,266,29002522609314,2.28008e+10,2680,612408,2712,
bu1706,20170310,20170310,00:15:27,500,2650,855958,2694,2628,2650,-1,26637.8,2652,244,2650,276,29002522609314,2.28008e+10,2680,612408,2712,
bu1706,20170310,20170310,00:15:28,0,2650,855958,2694,2628,2650,-1,26637.8,2652,236,2650,286,29002522609314,2.28008e+10,2680,612408,2712,
bu1706,20170310,20170310,00:15:28,500,2650,855958,2694,2628,2650,-1,26637.8,2652,236,2650,294,29002522609314,2.28008e+10,2680,612408,2712,
bu1706,20170310,20170310,00:15:29,0,2650,855958,2694,2628,2650,-1,26637.8,2652,236,2650,295,29002522609314,2.28008e+10,2680,612408,2712,
bu1706,20170310,20170310,00:15:29,500,2650,855958,2694,2628,2650,-1,26637.8,2652,237,2650,296,29002522609314,2.28008e+10,2680,612408,2712,
bu1706,20170310,20170310,00:15:31,0,2650,855958,2694,2628,2650,-1,26637.8,2652,239,2650,297,29002522609314,2.28008e+10,2680,612408,2712,
bu1706,20170310,20170310,00:15:32,0,2650,855958,2694,2628,2650,-1,26637.8,2652,239,2650,297,29002522609314,2.28008e+10,2680,612408,2712,
bu1706,20170310,20170310,00:15:32,500,2650,855960,2694,2628,2650,-1,26637.8,2652,239,2650,297,29002522609316,2.28009e+10,2680,612408,2712,
bu1706,20170310,20170310,00:15:33,0,2650,855964,2694,2628,2650,-1,26637.8,2652,239,2650,295,29002522609320,2.2801e+10,2680,612408,2712,
bu1706,20170310,20170310,00:15:33,500,2652,855970,2694,2628,2650,-1,26637.8,2652,237,2650,294,29002522609322,2.28011e+10,2680,612408,2712,
bu1706,20170310,20170310,00:15:34,0,2652,855970,2694,2628,2650,-1,26637.8,2652,237,2650,294,29002522609322,2.28011e+10,2680,612408,2712,
bu1706,20170310,20170310,00:15:34,500,2652,855970,2694,2628,2650,-1,26637.8,2652,232,2650,296,29002522609322,2.28011e+10,2680,612408,2712,
bu1706,20170310,20170310,00:15:35,0,2652,855970,2694,2628,2650,-1,26637.8,2652,231,2650,298,29002522609322,2.28011e+10,2680,612408,2712,
bu1706,20170310,20170310,00:15:35,500,2652,855970,2694,2628,2650,-1,26637.8,2652,231,2650,300,29002522609322,2.28011e+10,2680,612408,2712,
bu1706,20170310,20170310,00:15:36,0,2652,855970,2694,2628,2650,-1,26637.8,2652,231,2650,301,29002522609322,2.28011e+10,2680,612408,2712,
bu1706,20170310,20170310,00:15:36,500,2652,855970,2694,2628,2650,-1,26637.8,2652,231,2650,303,29002522609322,2.28011e+10,2680,612408,2712,
bu1706,20170310,20170310,00:15:37,0,2652,855970,2694,2628,2650,-1,26637.8,2652,233,2650,305,29002522609322,2.28011e+10,2680,612408,2712,
bu1706,20170310,20170310,00:15:37,500,2650,855974,2694,2628,2650,-1,26637.8,2652,233,2650,303,29002522609322,2.28012e+10,2680,612408,2712,
bu1706,20170310,20170310,00:15:38,0,2650,855974,2694,2628,2650,-1,26637.8,2652,242,2650,302,29002522609322,2.28012e+10,2680,612408,2712,
bu1706,20170310,20170310,00:15:38,500,2650,855974,2694,2628,2650,-1,26637.8,2652,242,2650,302,29002522609322,2.28012e+10,2680,612408,2712,
bu1706,20170310,20170310,00:15:39,0,2650,855974,2694,2628,2650,-1,26637.8,2652,243,2650,302,29002522609322,2.28012e+10,2680,612408,2712,
bu1706,20170310,20170310,00:15:40,0,2652,855976,2694,2628,2650,-1,26637.8,2652,241,2650,300,29002522609322,2.28013e+10,2680,612408,2712,
bu1706,20170310,20170310,00:15:40,500,2652,855988,2694,2628,2650,-1,26637.8,2652,235,2650,302,29002522609322,2.28016e+10,2680,612408,2712,
bu1706,20170310,20170310,00:15:41,0,2650,855996,2694,2628,2650,-1,26637.8,2652,226,2650,298,29002522609330,2.28018e+10,2680,612408,2712,
bu1706,20170310,20170310,00:15:41,500,2650,855998,2694,2628,2650,-1,26637.8,2652,226,2650,299,29002522609330,2.28019e+10,2680,612408,2712,
bu1706,20170310,20170310,00:15:42,0,2650,855998,2694,2628,2650,-1,26637.8,2652,226,2650,299,29002522609330,2.28019e+10,2680,612408,2712,
bu1706,20170310,20170310,00:15:42,500,2650,855998,2694,2628,2650,-1,26637.8,2652,226,2650,299,29002522609330,2.28019e+10,2680,612408,2712,
bu1706,20170310,20170310,00:15:43,0,2650,855998,2694,2628,2650,-1,26637.8,2652,228,2650,299,29002522609330,2.28019e+10,2680,612408,2712,
bu1706,20170310,20170310,00:15:43,500,2650,856002,2694,2628,2650,-1,26637.8,2652,228,2650,303,29002522609330,2.2802e+10,2680,612408,2712,
bu1706,20170310,20170310,00:15:44,0,2650,856010,2694,2628,2650,-1,26637.8,2652,225,2650,301,29002522609332,2.28022e+10,2680,612408,2712,
bu1706,20170310,20170310,00:15:45,500,2650,856010,2694,2628,2650,-1,26637.8,2652,225,2650,306,29002522609332,2.28022e+10,2680,612408,2712,
bu1706,20170310,20170310,00:15:46,0,2650,856010,2694,2628,2650,-1,26637.8,2652,225,2650,306,29002522609332,2.28022e+10,2680,612408,2712,
bu1706,20170310,20170310,00:15:46,500,2650,856010,2694,2628,2650,-1,26637.8,2652,226,2650,304,29002522609332,2.28022e+10,2680,612408,2712,
bu1706,20170310,20170310,00:15:47,0,2650,856010,2694,2628,2650,-1,26637.8,2652,234,2650,305,29002522609332,2.28022e+10,2680,612408,2712,
bu1706,20170310,20170310,00:15:47,500,2650,856010,2694,2628,2650,-1,26637.8,2652,236,2650,305,29002522609332,2.28022e+10,2680,612408,2712,
bu1706,20170310,20170310,00:15:48,500,2650,856010,2694,2628,2650,-1,26637.8,2652,236,2650,305,29002522609332,2.28022e+10,2680,612408,2712,
bu1706,20170310,20170310,00:15:49,0,2650,856010,2694,2628,2650,-1,26637.8,2652,236,2650,305,29002522609332,2.28022e+10,2680,612408,2712,
bu1706,20170310,20170310,00:15:49,500,2650,856010,2694,2628,2650,-1,26637.8,2652,236,2650,305,29002522609332,2.28022e+10,2680,612408,2712,
bu1706,20170310,20170310,00:15:50,0,2650,856010,2694,2628,2650,-1,26637.8,2652,237,2650,305,29002522609332,2.28022e+10,2680,612408,2712,
bu1706,20170310,20170310,00:15:50,500,2650,856010,2694,2628,2650,-1,26637.8,2652,240,2650,305,29002522609332,2.28022e+10,2680,612408,2712,
bu1706,20170310,20170310,00:15:51,0,2650,856012,2694,2628,2650,-1,26637.8,2652,241,2650,299,29002522609334,2.28022e+10,2680,612408,2712,
bu1706,20170310,20170310,00:15:51,500,2650,856012,2694,2628,2650,-1,26637.8,2652,241,2650,291,29002522609334,2.28022e+10,2680,612408,2712,
bu1706,20170310,20170310,00:15:52,0,2650,856018,2694,2628,2650,-1,26637.8,2652,240,2650,278,29002522609340,2.28024e+10,2680,612408,2712,
bu1706,20170310,20170310,00:15:52,500,2650,856018,2694,2628,2650,-1,26637.8,2652,242,2650,258,29002522609340,2.28024e+10,2680,612408,2712,
bu1706,20170310,20170310,00:15:53,500,2650,856020,2694,2628,2650,-1,26637.8,2652,243,2650,258,29002522609342,2.28025e+10,2680,612408,2712,
bu1706,20170310,20170310,00:15:54,0,2650,856022,2694,2628,2650,-1,26637.8,2652,243,2650,257,29002522609344,2.28025e+10,2680,612408,2712,
bu1706,20170310,20170310,00:15:54,500,2650,856022,2694,2628,2650,-1,26637.8,2652,243,2650,257,29002522609344,2.28025e+10,2680,612408,2712,
bu1706,20170310,20170310,00:15:55,0,2652,856062,2694,2628,2650,-1,26637.8,2652,223,2650,265,29002522609304,2.28036e+10,2680,612408,2712,
bu1706,20170310,20170310,00:15:55,500,2652,856062,2694,2628,2650,-1,26637.8,2652,214,2650,285,29002522609304,2.28036e+10,2680,612408,2712,
bu1706,20170310,20170310,00:15:56,0,2652,856072,2694,2628,2650,-1,26637.7,2652,209,2650,283,29002522609294,2.28038e+10,2680,612408,2712,
bu1706,20170310,20170310,00:15:56,500,2652,856072,2694,2628,2650,-1,26637.7,2652,209,2650,283,29002522609294,2.28038e+10,2680,612408,2712,
bu1706,20170310,20170310,00:15:57,0,2652,856072,2694,2628,2650,-1,26637.7,2652,209,2650,283,29002522609294,2.28038e+10,2680,612408,2712,
bu1706,20170310,20170310,00:15:57,500,2650,856074,2694,2628,2650,-1,26637.7,2652,207,2650,282,29002522609294,2.28039e+10,2680,612408,2712,
bu1706,20170310,20170310,00:15:58,0,2652,856078,2694,2628,2650,-1,26637.7,2652,206,2650,281,29002522609296,2.2804e+10,2680,612408,2712,
bu1706,20170310,20170310,00:15:58,500,2652,856078,2694,2628,2650,-1,26637.7,2652,206,2650,282,29002522609296,2.2804e+10,2680,612408,2712,
bu1706,20170310,20170310,00:15:59,0,2650,856080,2694,2628,2650,-1,26637.7,2652,205,2650,282,29002522609296,2.2804e+10,2680,612408,2712,
bu1706,20170310,20170310,00:16:00,0,2650,856084,2694,2628,2650,-1,26637.7,2652,205,2650,282,29002522609298,2.28041e+10,2680,612408,2712,
bu1706,20170310,20170310,00:16:00,500,2650,856084,2694,2628,2650,-1,26637.7,2652,282,2650,282,29002522609298,2.28041e+10,2680,612408,2712,
bu1706,20170310,20170310,00:16:01,0,2650,856084,2694,2628,2650,-1,26637.7,2652,282,2650,282,29002522609298,2.28041e+10,2680,612408,2712,
bu1706,20170310,20170310,00:16:02,0,2652,856086,2694,2628,2650,-1,26637.7,2652,281,2650,283,29002522609298,2.28042e+10,2680,612408,2712,
bu1706,20170310,20170310,00:16:02,500,2650,856096,2694,2628,2650,-1,26637.7,2652,281,2650,286,29002522609308,2.28045e+10,2680,612408,2712,
bu1706,20170310,20170310,00:16:03,0,2650,856098,2694,2628,2650,-1,26637.7,2652,280,2650,285,29002522609310,2.28045e+10,2680,612408,2712,
bu1706,20170310,20170310,00:16:03,500,2650,856098,2694,2628,2650,-1,26637.7,2652,280,2650,294,29002522609310,2.28045e+10,2680,612408,2712,
bu1706,20170310,20170310,00:16:04,0,2650,856098,2694,2628,2650,-1,26637.7,2652,280,2650,293,29002522609310,2.28045e+10,2680,612408,2712,
bu1706,20170310,20170310,00:16:04,500,2650,856100,2694,2628,2650,-1,26637.7,2652,285,2650,292,29002522609312,2.28046e+10,2680,612408,2712,
bu1706,20170310,20170310,00:16:05,0,2650,856188,2694,2628,2650,-1,26637.7,2652,288,2650,248,29002522609400,2.28069e+10,2680,612408,2712,
bu1706,20170310,20170310,00:16:05,500,2650,856188,2694,2628,2650,-1,26637.7,2652,290,2650,249,29002522609400,2.28069e+10,2680,612408,2712,
bu1706,20170310,20170310,00:16:06,0,2652,856190,2694,2628,2650,-1,26637.7,2652,297,2650,249,29002522609400,2.2807e+10,2680,612408,2712,
bu1706,20170310,20170310,00:16:06,500,2652,856190,2694,2628,2650,-1,26637.7,2652,297,2650,251,29002522609400,2.2807e+10,2680,612408,2712,
bu1706,20170310,20170310,00:16:07,0,2652,856190,2694,2628,2650,-1,26637.7,2652,300,2650,251,29002522609400,2.2807e+10,2680,612408,2712,
bu1706,20170310,20170310,00:16:07,500,2652,856190,2694,2628,2650,-1,26637.7,2652,300,2650,266,29002522609400,2.2807e+10,2680,612408,2712,
bu1706,20170310,20170310,00:16:08,0,2652,856192,2694,2628,2650,-1,26637.7,2652,298,2650,265,29002522609400,2.2807e+10,2680,612408,2712,
bu1706,20170310,20170310,00:16:08,500,2652,856196,2694,2628,2650,-1,26637.7,2652,296,2650,265,29002522609400,2.28071e+10,2680,612408,2712,
bu1706,20170310,20170310,00:16:09,0,2652,856696,2694,2628,2650,-1,26637.7,2652,46,2650,265,29002522609570,2.28204e+10,2680,612408,2712,
bu1706,20170310,20170310,00:16:09,500,2652,856798,2694,2628,2650,-1,26637.6,2654,524,2652,512,29002522609560,2.28231e+10,2680,612408,2712,
bu1706,20170310,20170310,00:16:10,0,2652,856816,2694,2628,2650,-1,26637.6,2654,511,2652,513,29002522609566,2.28236e+10,2680,612408,2712,
bu1706,20170310,20170310,00:16:10,500,2652,856816,2694,2628,2650,-1,26637.6,2654,511,2652,456,29002522609566,2.28236e+10,2680,612408,2712,
bu1706,20170310,20170310,00:16:11,0,2652,856820,2694,2628,2650,-1,26637.6,2654,361,2652,458,29002522609570,2.28237e+10,2680,612408,2712,
bu1706,20170310,20170310,00:16:11,500,2654,856830,2694,2628,2650,-1,26637.6,2654,356,2652,458,29002522609570,2.28239e+10,2680,612408,2712,
bu1706,20170310,20170310,00:16:12,0,2652,856868,2694,2628,2650,-1,26637.6,2654,300,2652,457,29002522609576,2.28249e+10,2680,612408,2712,
bu1706,20170310,20170310,00:16:12,500,2652,856868,2694,2628,2650,-1,26637.6,2654,299,2652,463,29002522609576,2.28249e+10,2680,612408,2712,
bu1706,20170310,20170310,00:16:13,0,2654,857368,2694,2628,2650,-1,26637.6,2654,42,2652,473,29002522609706,2.28382e+10,2680,612408,2712,
bu1706,20170310,20170310,00:16:13,500,2654,857452,2694,2628,2650,-1,26637.6,2656,500,2654,276,29002522609710,2.28404e+10,2680,612408,2712,
bu1706,20170310,20170310,00:16:14,0,2656,857472,2694,2628,2650,-1,26637.6,2656,461,2654,294,29002522609710,2.2841e+10,2680,612408,2712,
bu1706,20170310,20170310,00:16:14,500,2656,857486,2694,2628,2650,-1,26637.6,2656,283,2654,294,29002522609706,2.28413e+10,2680,612408,2712,
bu1706,20170310,20170310,00:16:15,0,2654,857512,2694,2628,2650,-1,26637.6,2656,281,2654,283,29002522609724,2.2842e+10,2680,612408,2712,
bu1706,20170310,20170310,00:16:15,500,2654,857512,2694,2628,2650,-1,26637.6,2656,284,2654,283,29002522609724,2.2842e+10,2680,612408,2712,
bu1706,20170310,20170310,00:16:16,0,2656,857514,2694,2628,2650,-1,26637.6,2656,283,2654,283,29002522609726,2.28421e+10,2680,612408,2712,
bu1706,20170310,20170310,00:16:16,500,2654,857516,2694,2628,2650,-1,26637.6,2656,283,2654,283,29002522609728,2.28421e+10,2680,612408,2712,
bu1706,20170310,20170310,00:16:17,0,2654,857516,2694,2628,2650,-1,26637.6,2656,276,2654,284,29002522609728,2.28421e+10,2680,612408,2712,
bu1706,20170310,20170310,00:16:17,500,2654,857526,2694,2628,2650,-1,26637.6,2656,278,2654,279,29002522609728,2.28424e+10,2680,612408,2712,
bu1706,20170310,20170310,00:16:18,0,2656,857528,2694,2628,2650,-1,26637.6,2656,278,2654,279,29002522609726,2.28425e+10,2680,612408,2712,
bu1706,20170310,20170310,00:16:18,500,2654,857548,2694,2628,2650,-1,26637.6,2656,244,2654,270,29002522609726,2.2843e+10,2680,612408,2712,
bu1706,20170310,20170310,00:16:19,0,2654,857548,2694,2628,2650,-1,26637.6,2656,124,2654,270,29002522609726,2.2843e+10,2680,612408,2712,
bu1706,20170310,20170310,00:16:19,500,2656,857570,2694,2628,2650,-1,26637.6,2656,118,2654,265,29002522609732,2.28436e+10,2680,612408,2712,
bu1706,20170310,20170310,00:16:20,0,2656,857578,2694,2628,2650,-1,26637.6,2656,115,2654,273,29002522609738,2.28438e+10,2680,612408,2712,
bu1706,20170310,20170310,00:16:20,500,2656,857578,2694,2628,2650,-1,26637.6,2656,121,2654,275,29002522609738,2.28438e+10,2680,612408,2712,
bu1706,20170310,20170310,00:16:21,0,2656,857584,2694,2628,2650,-1,26637.6,2656,122,2654,275,29002522609736,2.28439e+10,2680,612408,2712,
bu1706,20170310,20170310,00:16:21,500,2656,857586,2694,2628,2650,-1,26637.6,2656,184,2654,275,29002522609736,2.2844e+10,2680,612408,2712,
bu1706,20170310,20170310,00:16:22,0,2656,857592,2694,2628,2650,-1,26637.6,2656,182,2654,237,29002522609732,2.28442e+10,2680,612408,2712,
bu1706,20170310,20170310,00:16:22,500,2654,857634,2694,2628,2650,-1,26637.6,2656,180,2654,236,29002522609766,2.28453e+10,2680,612408,2712,
bu1706,20170310,20170310,00:16:23,0,2654,857634,2694,2628,2650,-1,26637.6,2656,182,2654,242,29002522609766,2.28453e+10,2680,612408,2712,
bu1706,20170310,20170310,00:16:23,500,2656,857680,2694,2628,2650,-1,26637.5,2656,259,2654,241,29002522609808,2.28465e+10,2680,612408,2712,
bu1706,20170310,20170310,00:16:24,0,2654,858162,2694,2628,2650,-1,26637.5,2654,164,2652,368,29002522609648,2.28593e+10,2680,612408,2712,
bu1706,20170310,20170310,00:16:24,500,2654,858162,2694,2628,2650,-1,26637.5,2654,169,2652,375,29002522609648,2.28593e+10,2680,612408,2712,
bu1706,20170310,20170310,00:16:25,0,2654,858162,2694,2628,2650,-1,26637.5,2654,171,2652,368,29002522609648,2.28593e+10,2680,612408,2712,
bu1706,20170310,20170310,00:16:25,500,2654,858164,2694,2628,2650,-1,26637.5,2654,165,2652,367,29002522609648,2.28593e+10,2680,612408,2712,
bu1706,20170310,20170310,00:16:26,0,2654,858166,2694,2628,2650,-1,26637.5,2654,164,2652,368,29002522609648,2.28594e+10,2680,612408,2712,
bu1706,20170310,20170310,00:16:26,500,2654,858168,2694,2628,2650,-1,26637.5,2654,164,2652,368,29002522609648,2.28594e+10,2680,612408,2712,
bu1706,20170310,20170310,00:16:27,0,2654,858168,2694,2628,2650,-1,26637.5,2654,164,2652,370,29002522609648,2.28594e+10,2680,612408,2712,
bu1706,20170310,20170310,00:16:27,500,2654,858168,2694,2628,2650,-1,26637.5,2654,164,2652,370,29002522609648,2.28594e+10,2680,612408,2712,
bu1706,20170310,20170310,00:16:28,0,2654,858168,2694,2628,2650,-1,26637.5,2654,167,2652,370,29002522609648,2.28594e+10,2680,612408,2712,
bu1706,20170310,20170310,00:16:28,500,2654,858228,2694,2628,2650,-1,26637.5,2654,142,2652,370,29002522609648,2.2861e+10,2680,612408,2712,
bu1706,20170310,20170310,00:16:29,0,2654,858232,2694,2628,2650,-1,26637.5,2654,140,2652,395,29002522609646,2.28611e+10,2680,612408,2712,
bu1706,20170310,20170310,00:16:29,500,2654,858232,2694,2628,2650,-1,26637.5,2654,136,2652,395,29002522609646,2.28611e+10,2680,612408,2712,
bu1706,20170310,20170310,00:16:30,0,2654,858232,2694,2628,2650,-1,26637.5,2654,136,2652,397,29002522609646,2.28611e+10,2680,612408,2712,
bu1706,20170310,20170310,00:16:30,500,2652,858234,2694,2628,2650,-1,26637.5,2654,136,2652,396,29002522609648,2.28612e+10,2680,612408,2712,
bu1706,20170310,20170310,00:16:31,0,2652,858234,2694,2628,2650,-1,26637.5,2654,137,2652,396,29002522609648,2.28612e+10,2680,612408,2712,
bu1706,20170310,20170310,00:16:31,500,2652,858234,2694,2628,2650,-1,26637.5,2654,140,2652,396,29002522609648,2.28612e+10,2680,612408,2712,
bu1706,20170310,20170310,00:16:32,0,2652,858236,2694,2628,2650,-1,26637.5,2654,141,2652,396,29002522609650,2.28612e+10,2680,612408,2712,
bu1706,20170310,20170310,00:16:32,500,2652,858236,2694,2628,2650,-1,26637.5,2654,141,2652,397,29002522609650,2.28612e+10,2680,612408,2712,
bu1706,20170310,20170310,00:16:33,0,2652,858236,2694,2628,2650,-1,26637.5,2654,163,2652,397,29002522609650,2.28612e+10,2680,612408,2712,
bu1706,20170310,20170310,00:16:34,0,2652,858236,2694,2628,2650,-1,26637.5,2654,163,2652,398,29002522609650,2.28612e+10,2680,612408,2712,
bu1706,20170310,20170310,00:16:34,500,2654,858238,2694,2628,2650,-1,26637.5,2654,162,2652,398,29002522609648,2.28613e+10,2680,612408,2712,
bu1706,20170310,20170310,00:16:35,0,2654,858238,2694,2628,2650,-1,26637.5,2654,173,2652,598,29002522609648,2.28613e+10,2680,612408,2712,
bu1706,20170310,20170310,00:16:35,500,2654,858246,2694,2628,2650,-1,26637.5,2654,169,2652,598,29002522609648,2.28615e+10,2680,612408,2712,
bu1706,20170310,20170310,00:16:36,0,2654,858246,2694,2628,2650,-1,26637.5,2654,173,2652,599,29002522609648,2.28615e+10,2680,612408,2712,
bu1706,20170310,20170310,00:16:36,500,2654,858246,2694,2628,2650,-1,26637.5,2654,173,2652,599,29002522609648,2.28615e+10,2680,612408,2712,
bu1706,20170310,20170310,00:16:37,0,2654,858266,2694,2628,2650,-1,26637.5,2654,165,2652,599,29002522609628,2.2862e+10,2680,612408,2712,
bu1706,20170310,20170310,00:16:37,500,2654,858266,2694,2628,2650,-1,26637.5,2654,166,2652,599,29002522609628,2.2862e+10,2680,612408,2712,
bu1706,20170310,20170310,00:16:38,0,2654,858266,2694,2628,2650,-1,26637.5,2654,166,2652,599,29002522609628,2.2862e+10,2680,612408,2712,
bu1706,20170310,20170310,00:16:38,500,2654,858426,2694,2628,2650,-1,26637.5,2654,86,2652,600,29002522609628,2.28663e+10,2680,612408,2712,
bu1706,20170310,20170310,00:16:39,0,2654,858426,2694,2628,2650,-1,26637.5,2654,87,2652,600,29002522609628,2.28663e+10,2680,612408,2712,
bu1706,20170310,20170310,00:16:39,500,2654,858426,2694,2628,2650,-1,26637.5,2654,88,2652,600,29002522609628,2.28663e+10,2680,612408,2712,
bu1706,20170310,20170310,00:16:40,0,2654,858486,2694,2628,2650,-1,26637.5,2654,108,2652,600,29002522609628,2.28679e+10,2680,612408,2712,
bu1706,20170310,20170310,00:16:40,500,2654,858488,2694,2628,2650,-1,26637.5,2654,107,2652,600,29002522609626,2.28679e+10,2680,612408,2712,
bu1706,20170310,20170310,00:16:41,0,2654,858490,2694,2628,2650,-1,26637.5,2654,106,2652,601,29002522609624,2.2868e+10,2680,612408,2712,
bu1706,20170310,20170310,00:16:41,500,2652,858496,2694,2628,2650,-1,26637.5,2654,107,2652,600,29002522609624,2.28682e+10,2680,612408,2712,
bu1706,20170310,20170310,00:16:42,0,2652,858496,2694,2628,2650,-1,26637.5,2654,110,2652,599,29002522609624,2.28682e+10,2680,612408,2712,
bu1706,20170310,20170310,00:16:42,500,2652,858496,2694,2628,2650,-1,26637.5,2654,110,2652,599,29002522609624,2.28682e+10,2680,612408,2712,
bu1706,20170310,20170310,00:16:43,0,2652,858496,2694,2628,2650,-1,26637.5,2654,111,2652,600,29002522609624,2.28682e+10,2680,612408,2712,
bu1706,20170310,20170310,00:16:43,500,2652,858496,2694,2628,2650,-1,26637.5,2654,111,2652,601,29002522609624,2.28682e+10,2680,612408,2712,
bu1706,20170310,20170310,00:16:44,0,2654,858504,2694,2628,2650,-1,26637.5,2654,155,2652,602,29002522609624,2.28684e+10,2680,612408,2712,
bu1706,20170310,20170310,00:16:44,500,2654,858504,2694,2628,2650,-1,26637.5,2654,155,2652,627,29002522609624,2.28684e+10,2680,612408,2712,
bu1706,20170310,20170310,00:16:45,0,2652,858508,2694,2628,2650,-1,26637.5,2654,153,2652,628,29002522609624,2.28685e+10,2680,612408,2712,
bu1706,20170310,20170310,00:16:45,500,2652,858508,2694,2628,2650,-1,26637.5,2654,153,2652,633,29002522609624,2.28685e+10,2680,612408,2712,
bu1706,20170310,20170310,00:16:46,0,2652,858508,2694,2628,2650,-1,26637.5,2654,155,2652,633,29002522609624,2.28685e+10,2680,612408,2712,
bu1706,20170310,20170310,00:16:46,500,2652,858508,2694,2628,2650,-1,26637.5,2654,160,2652,633,29002522609624,2.28685e+10,2680,612408,2712,
bu1706,20170310,20170310,00:16:47,0,2652,858508,2694,2628,2650,-1,26637.5,2654,160,2652,634,29002522609624,2.28685e+10,2680,612408,2712,
bu1706,20170310,20170310,00:16:47,500,2654,858512,2694,2628,2650,-1,26637.5,2654,159,2652,634,29002522609624,2.28686e+10,2680,612408,2712,
bu1706,20170310,20170310,00:16:48,0,2654,858512,2694,2628,2650,-1,26637.5,2654,159,2652,634,29002522609624,2.28686e+10,2680,612408,2712,
bu1706,20170310,20170310,00:16:48,500,2654,858512,2694,2628,2650,-1,26637.5,2654,160,2652,634,29002522609624,2.28686e+10,2680,612408,2712,
bu1706,20170310,20170310,00:16:49,0,2654,858514,2694,2628,2650,-1,26637.5,2654,159,2652,635,29002522609626,2.28686e+10,2680,612408,2712,
bu1706,20170310,20170310,00:16:49,500,2654,858514,2694,2628,2650,-1,26637.5,2654,160,2652,645,29002522609626,2.28686e+10,2680,612408,2712,
bu1706,20170310,20170310,00:16:50,0,2654,858514,2694,2628,2650,-1,26637.5,2654,160,2652,645,29002522609626,2.28686e+10,2680,612408,2712,
bu1706,20170310,20170310,00:16:50,500,2654,858516,2694,2628,2650,-1,26637.5,2654,159,2652,646,29002522609626,2.28687e+10,2680,612408,2712,
bu1706,20170310,20170310,00:16:51,0,2654,858520,2694,2628,2650,-1,26637.5,2654,158,2652,643,29002522609622,2.28688e+10,2680,612408,2712,
bu1706,20170310,20170310,00:16:51,500,2654,858524,2694,2628,2650,-1,26637.5,2654,156,2652,638,29002522609620,2.28689e+10,2680,612408,2712,
bu1706,20170310,20170310,00:16:52,0,2654,858530,2694,2628,2650,-1,26637.5,2654,155,2652,639,29002522609618,2.28691e+10,2680,612408,2712,
bu1706,20170310,20170310,00:16:52,500,2654,858530,2694,2628,2650,-1,26637.5,2654,156,2652,639,29002522609618,2.28691e+10,2680,612408,2712,
