c1705,20170310,20170310,11:30:00,78,1591,830816,1609,1590,1605,-1,15990,1592,1930,1591,2409,169115311.78785e+06,1.32848e+10,1609,1.87229e+06,1611,
c1705,20170310,20170310,11:30:00,78,1591,830816,1609,1590,1605,-1,15990,1592,1930,1591,2409,169115311.78785e+06,1.32848e+10,1609,1.87229e+06,1611,
c1705,20170310,20170310,00:09:50,0,1592,1011766,1609,1588,1605,-1,15975.6,1593,1056,1592,1919,169115311.77606e+06,1.61636e+10,1609,1.87229e+06,1611,
c1705,20170310,20170310,00:09:50,500,1592,1011766,1609,1588,1605,-1,15975.6,1593,1057,1592,1918,169115311.77606e+06,1.61636e+10,1609,1.87229e+06,1611,
c1705,20170310,20170310,00:09:51,500,1592,1011768,1609,1588,1605,-1,15975.6,1593,1057,1592,1918,169115311.77605e+06,1.61636e+10,1609,1.87229e+06,1611,
c1705,20170310,20170310,00:09:52,0,1592,1011770,1609,1588,1605,-1,15975.6,1593,1058,1592,1917,169115311.77605e+06,1.61637e+10,1609,1.87229e+06,1611,
c1705,20170310,20170310,00:09:52,500,1592,1011772,1609,1588,1605,-1,15975.6,1593,1060,1592,1917,169115311.77605e+06,1.61637e+10,1609,1.87229e+06,1611,
c1705,20170310,20170310,00:09:53,0,1592,1011772,1609,1588,1605,-1,15975.6,1593,1060,1592,1918,169115311.77605e+06,1.61637e+10,1609,1.87229e+06,1611,
c1705,20170310,20170310,00:09:54,0,1593,1011774,1609,1588,1605,-1,15975.6,1593,1059,1592,1918,169115311.77605e+06,1.61637e+10,1609,1.87229e+06,1611,
c1705,20170310,20170310,00:09:55,500,1593,1011774,1609,1588,1605,-1,15975.6,1593,1060,1592,1918,169115311.77605e+06,1.61637e+10,1609,1.87229e+06,1611,
c1705,20170310,20170310,00:09:56,0,1593,1011774,1609,1588,1605,-1,15975.6,1593,1062,1592,1918,169115311.77605e+06,1.61637e+10,1609,1.87229e+06,1611,
c1705,20170310,20170310,00:09:57,500,1592,1011776,1609,1588,1605,-1,15975.6,1593,1062,1592,1917,169115311.77605e+06,1.61638e+10,1609,1.87229e+06,1611,
c1705,20170310,20170310,00:09:58,0,1592,1011776,1609,1588,1605,-1,15975.6,1593,1063,1592,1917,169115311.77605e+06,1.61638e+10,1609,1.87229e+06,1611,
c1705,20170310,20170310,00:09:58,500,1593,1011976,1609,1588,1605,-1,15975.6,1593,1003,1592,1905,169115311.77585e+06,1.61669e+10,1609,1.87229e+06,1611,
c1705,20170310,20170310,00:09:59,0,1593,1011978,1609,1588,1605,-1,15975.6,1593,1002,1592,1896,169115311.77585e+06,1.6167e+10,1609,1.87229e+06,1611,
c1705,20170310,20170310,00:10:00,0,1592,1011980,1609,1588,1605,-1,15975.6,1593,1002,1592,1896,169115311.77585e+06,1.6167e+10,1609,1.87229e+06,1611,
c1705,20170310,20170310,00:10:00,500,1593,1011990,1609,1588,1605,-1,15975.6,1593,997,1592,1894,169115311.77585e+06,1.61672e+10,1609,1.87229e+06,1611,
c1705,20170310,20170310,00:10:01,0,1593,1011992,1609,1588,1605,-1,15975.6,1593,995,1592,1894,169115311.77585e+06,1.61672e+10,1609,1.87229e+06,1611,
c1705,20170310,20170310,00:10:03,0,1593,1012012,1609,1588,1605,-1,15975.6,1593,985,1592,1894,169115311.77585e+06,1.61675e+10,1609,1.87229e+06,1611,
c1705,20170310,20170310,00:10:05,0,1593,1012012,1609,1588,1605,-1,15975.6,1593,986,1592,1895,169115311.77585e+06,1.61675e+10,1609,1.87229e+06,1611,
c1705,20170310,20170310,00:10:05,500,1592,1012022,1609,1588,1605,-1,15975.6,1593,986,1592,1890,169115311.77584e+06,1.61677e+10,1609,1.87229e+06,1611,
c1705,20170310,20170310,00:10:06,0,1592,1012054,1609,1588,1605,-1,15975.6,1593,986,1592,1874,169115311.77584e+06,1.61682e+10,1609,1.87229e+06,1611,
c1705,20170310,20170310,00:10:06,500,1592,1012056,1609,1588,1605,-1,15975.6,1593,986,1592,1873,169115311.77584e+06,1.61682e+10,1609,1.87229e+06,1611,
c1705,20170310,20170310,00:10:07,0,1592,1012128,1609,1588,1605,-1,15975.6,1593,986,1592,1837,169115311.7758e+06,1.61694e+10,1609,1.87229e+06,1611,
c1705,20170310,20170310,00:10:08,500,1592,1012128,1609,1588,1605,-1,15975.6,1593,979,1592,1835,169115311.7758e+06,1.61694e+10,1609,1.87229e+06,1611,
c1705,20170310,20170310,00:10:09,0,1592,1012136,1609,1588,1605,-1,15975.6,1593,976,1592,1834,169115311.7758e+06,1.61695e+10,1609,1.87229e+06,1611,
c1705,20170310,20170310,00:10:09,500,1592,1012138,1609,1588,1605,-1,15975.6,1593,977,1592,1833,169115311.7758e+06,1.61695e+10,1609,1.87229e+06,1611,
c1705,20170310,20170310,00:10:10,500,1592,1012138,1609,1588,1605,-1,15975.6,1593,978,1592,1833,169115311.7758e+06,1.61695e+10,1609,1.87229e+06,1611,
c1705,20170310,20170310,00:10:11,500,1592,1012140,1609,1588,1605,-1,15975.6,1593,978,1592,1832,169115311.7758e+06,1.61696e+10,1609,1.87229e+06,1611,
c1705,20170310,20170310,00:10:12,0,1592,1012140,1609,1588,1605,-1,15975.6,1593,977,1592,1832,169115311.7758e+06,1.61696e+10,1609,1.87229e+06,1611,
c1705,20170310,20170310,00:10:12,500,1592,1012140,1609,1588,1605,-1,15975.6,1593,978,1592,1832,169115311.7758e+06,1.61696e+10,1609,1.87229e+06,1611,
c1705,20170310,20170310,00:10:13,0,1592,1012142,1609,1588,1605,-1,15975.6,1593,978,1592,1831,169115311.7758e+06,1.61696e+10,1609,1.87229e+06,1611,
c1705,20170310,20170310,00:10:13,500,1592,1012242,1609,1588,1605,-1,15975.6,1593,986,1592,1781,169115311.77588e+06,1.61712e+10,1609,1.87229e+06,1611,
c1705,20170310,20170310,00:10:14,0,1592,1012250,1609,1588,1605,-1,15975.6,1593,988,1592,1777,169115311.77589e+06,1.61713e+10,1609,1.87229e+06,1611,
c1705,20170310,20170310,00:10:14,500,1592,1012250,1609,1588,1605,-1,15975.6,1593,993,1592,1777,169115311.77589e+06,1.61713e+10,1609,1.87229e+06,1611,
c1705,20170310,20170310,00:10:15,0,1592,1012250,1609,1588,1605,-1,15975.6,1593,1003,1592,1777,169115311.77589e+06,1.61713e+10,1609,1.87229e+06,1611,
c1705,20170310,20170310,00:10:15,500,1592,1012252,1609,1588,1605,-1,15975.6,1593,1003,1592,1776,169115311.77589e+06,1.61713e+10,1609,1.87229e+06,1611,
c1705,20170310,20170310,00:10:16,0,1592,1012252,1609,1588,1605,-1,15975.6,1593,1005,1592,1775,169115311.77589e+06,1.61713e+10,1609,1.87229e+06,1611,
c1705,20170310,20170310,00:10:16,500,1592,1012252,1609,1588,1605,-1,15975.6,1593,1003,1592,1775,169115311.77589e+06,1.61713e+10,1609,1.87229e+06,1611,
c1705,20170310,20170310,00:10:17,0,1593,1012256,1609,1588,1605,-1,15975.6,1593,1001,1592,1775,169115311.77589e+06,1.61714e+10,1609,1.87229e+06,1611,
c1705,20170310,20170310,00:10:17,500,1593,1012256,1609,1588,1605,-1,15975.6,1593,1021,1592,1775,169115311.77589e+06,1.61714e+10,1609,1.87229e+06,1611,
c1705,20170310,20170310,00:10:18,0,1593,1012256,1609,1588,1605,-1,15975.6,1593,1026,1592,1775,169115311.77589e+06,1.61714e+10,1609,1.87229e+06,1611,
c1705,20170310,20170310,00:10:18,500,1593,1012258,1609,1588,1605,-1,15975.6,1593,1046,1592,1775,169115311.77589e+06,1.61714e+10,1609,1.87229e+06,1611,
c1705,20170310,20170310,00:10:19,0,1593,1012258,1609,1588,1605,-1,15975.6,1593,1076,1592,1775,169115311.77589e+06,1.61714e+10,1609,1.87229e+06,1611,
c1705,20170310,20170310,00:10:19,500,1593,1012258,1609,1588,1605,-1,15975.6,1593,1078,1592,1775,169115311.77589e+06,1.61714e+10,1609,1.87229e+06,1611,
c1705,20170310,20170310,00:10:20,500,1593,1012258,1609,1588,1605,-1,15975.6,1593,1080,1592,1775,169115311.77589e+06,1.61714e+10,1609,1.87229e+06,1611,
c1705,20170310,20170310,00:10:21,0,1593,1012258,1609,1588,1605,-1,15975.6,1593,1080,1592,1777,169115311.77589e+06,1.61714e+10,1609,1.87229e+06,1611,
c1705,20170310,20170310,00:10:21,500,1592,1012260,1609,1588,1605,-1,15975.6,1593,1080,1592,1776,169115311.77589e+06,1.61715e+10,1609,1.87229e+06,1611,
c1705,20170310,20170310,00:10:22,500,1592,1012260,1609,1588,1605,-1,15975.6,1593,1084,1592,1776,169115311.77589e+06,1.61715e+10,1609,1.87229e+06,1611,
c1705,20170310,20170310,00:10:23,0,1593,1012264,1609,1588,1605,-1,15975.6,1593,1082,1592,1778,169115311.77589e+06,1.61715e+10,1609,1.87229e+06,1611,
c1705,20170310,20170310,00:10:24,0,1593,1012264,1609,1588,1605,-1,15975.6,1593,1083,1592,1780,169115311.77589e+06,1.61715e+10,1609,1.87229e+06,1611,
c1705,20170310,20170310,00:10:25,0,1593,1012264,1609,1588,1605,-1,15975.6,1593,1085,1592,1780,169115311.77589e+06,1.61715e+10,1609,1.87229e+06,1611,
c1705,20170310,20170310,00:10:25,500,1593,1012264,1609,1588,1605,-1,15975.6,1593,1085,1592,1781,169115311.77589e+06,1.61715e+10,1609,1.87229e+06,1611,
c1705,20170310,20170310,00:10:26,500,1592,1012266,1609,1588,1605,-1,15975.6,1593,1084,1592,1780,169115311.77589e+06,1.61716e+10,1609,1.87229e+06,1611,
c1705,20170310,20170310,00:10:27,500,1592,1012268,1609,1588,1605,-1,15975.6,1593,1084,1592,1791,169115311.77589e+06,1.61716e+10,1609,1.87229e+06,1611,
c1705,20170310,20170310,00:10:29,0,1593,1012270,1609,1588,1605,-1,15975.6,1593,1084,1592,1791,169115311.77589e+06,1.61716e+10,1609,1.87229e+06,1611,
c1705,20170310,20170310,00:10:29,500,1593,1012270,1609,1588,1605,-1,15975.6,1593,1089,1592,1792,169115311.77589e+06,1.61716e+10,1609,1.87229e+06,1611,
c1705,20170310,20170310,00:10:30,0,1593,1012270,1609,1588,1605,-1,15975.6,1593,1090,1592,1792,169115311.77589e+06,1.61716e+10,1609,1.87229e+06,1611,
c1705,20170310,20170310,00:10:30,500,1593,1012270,1609,1588,1605,-1,15975.6,1593,1091,1592,1737,169115311.77589e+06,1.61716e+10,1609,1.87229e+06,1611,
c1705,20170310,20170310,00:10:32,0,1593,1012270,1609,1588,1605,-1,15975.6,1593,1092,1592,1737,169115311.77589e+06,1.61716e+10,1609,1.87229e+06,1611,
c1705,20170310,20170310,00:10:33,0,1592,1012280,1609,1588,1605,-1,15975.6,1593,1092,1592,1732,169115311.77589e+06,1.61718e+10,1609,1.87229e+06,1611,
c1705,20170310,20170310,00:10:34,0,1592,1012280,1609,1588,1605,-1,15975.6,1593,1092,1592,1736,169115311.77589e+06,1.61718e+10,1609,1.87229e+06,1611,
c1705,20170310,20170310,00:10:35,500,1593,1012282,1609,1588,1605,-1,15975.6,1593,1091,1592,1741,169115311.77589e+06,1.61718e+10,1609,1.87229e+06,1611,
c1705,20170310,20170310,00:10:36,0,1593,1012282,1609,1588,1605,-1,15975.6,1593,1095,1592,1741,169115311.77589e+06,1.61718e+10,1609,1.87229e+06,1611,
c1705,20170310,20170310,00:10:38,0,1593,1012296,1609,1588,1605,-1,15975.6,1593,1094,1592,1737,169115311.77589e+06,1.6172e+10,1609,1.87229e+06,1611,
c1705,20170310,20170310,00:10:38,500,1593,1012300,1609,1588,1605,-1,15975.6,1593,1092,1592,1736,169115311.77589e+06,1.61721e+10,1609,1.87229e+06,1611,
c1705,20170310,20170310,00:10:39,0,1593,1012302,1609,1588,1605,-1,15975.6,1593,1092,1592,1736,169115311.77589e+06,1.61721e+10,1609,1.87229e+06,1611,
c1705,20170310,20170310,00:10:39,500,1593,1012302,1609,1588,1605,-1,15975.6,1593,1092,1592,1737,169115311.77589e+06,1.61721e+10,1609,1.87229e+06,1611,
c1705,20170310,20170310,00:10:40,0,1593,1012302,1609,1588,1605,-1,15975.6,1593,1091,1592,1737,169115311.77589e+06,1.61721e+10,1609,1.87229e+06,1611,
c1705,20170310,20170310,00:10:41,500,1592,1012304,1609,1588,1605,-1,15975.6,1593,1091,1592,1736,169115311.77589e+06,1.61722e+10,1609,1.87229e+06,1611,
c1705,20170310,20170310,00:10:43,500,1592,1012304,1609,1588,1605,-1,15975.6,1593,1092,1592,1736,169115311.77589e+06,1.61722e+10,1609,1.87229e+06,1611,
c1705,20170310,20170310,00:10:44,500,1592,1012304,1609,1588,1605,-1,15975.6,1593,1091,1592,1736,169115311.77589e+06,1.61722e+10,1609,1.87229e+06,1611,
c1705,20170310,20170310,00:10:47,500,1592,1012304,1609,1588,1605,-1,15975.6,1593,1096,1592,1746,169115311.77589e+06,1.61722e+10,1609,1.87229e+06,1611,
c1705,20170310,20170310,00:10:48,500,1592,1012306,1609,1588,1605,-1,15975.6,1593,1096,1592,1747,169115311.77589e+06,1.61722e+10,1609,1.87229e+06,1611,
c1705,20170310,20170310,00:10:49,0,1592,1012306,1609,1588,1605,-1,15975.6,1593,1099,1592,1748,169115311.77589e+06,1.61722e+10,1609,1.87229e+06,1611,
c1705,20170310,20170310,00:10:50,0,1592,1012320,1609,1588,1605,-1,15975.6,1593,1093,1592,1747,169115311.77587e+06,1.61724e+10,1609,1.87229e+06,1611,
c1705,20170310,20170310,00:10:50,500,1592,1012322,1609,1588,1605,-1,15975.6,1593,1093,1592,1747,169115311.77588e+06,1.61725e+10,1609,1.87229e+06,1611,
c1705,20170310,20170310,00:10:52,0,1592,1012326,1609,1588,1605,-1,15975.6,1593,1093,1592,1747,169115311.77588e+06,1.61725e+10,1609,1.87229e+06,1611,
c1705,20170310,20170310,00:10:52,500,1592,1012326,1609,1588,1605,-1,15975.6,1593,1096,1592,1747,169115311.77588e+06,1.61725e+10,1609,1.87229e+06,1611,
c1705,20170310,20170310,00:10:53,0,1593,1012330,1609,1588,1605,-1,15975.6,1593,1095,1592,1747,169115311.77588e+06,1.61726e+10,1609,1.87229e+06,1611,
c1705,20170310,20170310,00:10:54,0,1593,1012330,1609,1588,1605,-1,15975.6,1593,1095,1592,1746,169115311.77588e+06,1.61726e+10,1609,1.87229e+06,1611,
c1705,20170310,20170310,00:10:55,0,1593,1012330,1609,1588,1605,-1,15975.6,1593,1096,1592,1746,169115311.77588e+06,1.61726e+10,1609,1.87229e+06,1611,
c1705,20170310,20170310,00:10:56,0,1592,1012332,1609,1588,1605,-1,15975.6,1593,1096,1592,1746,169115311.77588e+06,1.61726e+10,1609,1.87229e+06,1611,
c1705,20170310,20170310,00:10:57,500,1592,1012332,1609,1588,1605,-1,15975.6,1593,1096,1592,1747,169115311.77588e+06,1.61726e+10,1609,1.87229e+06,1611,
c1705,20170310,20170310,00:10:58,500,1593,1012334,1609,1588,1605,-1,15975.6,1593,1095,1592,1747,169115311.77588e+06,1.61726e+10,1609,1.87229e+06,1611,
c1705,20170310,20170310,00:10:59,500,1593,1012334,1609,1588,1605,-1,15975.6,1593,1096,1592,1747,169115311.77588e+06,1.61726e+10,1609,1.87229e+06,1611,
c1705,20170310,20170310,00:11:00,0,1593,1012334,1609,1588,1605,-1,15975.6,1593,1096,1592,1750,169115311.77588e+06,1.61726e+10,1609,1.87229e+06,1611,
c1705,20170310,20170310,00:11:01,0,1593,1012392,1609,1588,1605,-1,15975.6,1593,1017,1592,1841,169115311.77582e+06,1.61736e+10,1609,1.87229e+06,1611,
c1705,20170310,20170310,00:11:01,500,1593,1012398,1609,1588,1605,-1,15975.6,1593,1082,1592,1885,169115311.77582e+06,1.61737e+10,1609,1.87229e+06,1611,
c1705,20170310,20170310,00:11:02,0,1593,1012398,1609,1588,1605,-1,15975.6,1593,1193,1592,1838,169115311.77582e+06,1.61737e+10,1609,1.87229e+06,1611,
c1705,20170310,20170310,00:11:02,500,1593,1012398,1609,1588,1605,-1,15975.6,1593,1195,1592,1838,169115311.77582e+06,1.61737e+10,1609,1.87229e+06,1611,
c1705,20170310,20170310,00:11:03,0,1593,1012398,1609,1588,1605,-1,15975.6,1593,1195,1592,1840,169115311.77582e+06,1.61737e+10,1609,1.87229e+06,1611,
c1705,20170310,20170310,00:13:59,500,1592,1016202,1609,1588,1605,-1,15975.4,1593,1137,1592,1603,169115311.77642e+06,1.62342e+10,1609,1.87229e+06,1611,
c1705,20170310,20170310,00:14:01,500,1592,1016202,1609,1588,1605,-1,15975.4,1593,1136,1592,1583,169115311.77642e+06,1.62342e+10,1609,1.87229e+06,1611,
c1705,20170310,20170310,00:14:04,500,1592,1016208,1609,1588,1605,-1,15975.4,1593,1134,1592,1582,169115311.77642e+06,1.62343e+10,1609,1.87229e+06,1611,
c1705,20170310,20170310,00:14:05,0,1593,1016210,1609,1588,1605,-1,15975.4,1593,1136,1592,1582,169115311.77642e+06,1.62344e+10,1609,1.87229e+06,1611,
c1705,20170310,20170310,00:14:06,0,1592,1016222,1609,1588,1605,-1,15975.4,1593,1136,1592,1586,169115311.77641e+06,1.62346e+10,1609,1.87229e+06,1611,
c1705,20170310,20170310,00:14:06,500,1593,1016224,1609,1588,1605,-1,15975.4,1593,1136,1592,1586,169115311.77641e+06,1.62346e+10,1609,1.87229e+06,1611,
c1705,20170310,20170310,00:14:08,0,1593,1016226,1609,1588,1605,-1,15975.4,1593,1134,1592,1586,169115311.77641e+06,1.62346e+10,1609,1.87229e+06,1611,
c1705,20170310,20170310,00:14:08,500,1592,1016228,1609,1588,1605,-1,15975.4,1593,1134,1592,1585,169115311.7764e+06,1.62347e+10,1609,1.87229e+06,1611,
c1705,20170310,20170310,00:14:10,0,1592,1016232,1609,1588,1605,-1,15975.4,1593,1154,1592,1583,169115311.7764e+06,1.62347e+10,1609,1.87229e+06,1611,
c1705,20170310,20170310,00:14:10,500,1592,1016232,1609,1588,1605,-1,15975.4,1593,1155,1592,1583,169115311.7764e+06,1.62347e+10,1609,1.87229e+06,1611,
c1705,20170310,20170310,00:14:11,500,1592,1016232,1609,1588,1605,-1,15975.4,1593,1156,1592,1583,169115311.7764e+06,1.62347e+10,1609,1.87229e+06,1611,
c1705,20170310,20170310,00:14:13,0,1592,1016234,1609,1588,1605,-1,15975.4,1593,1157,1592,1582,169115311.7764e+06,1.62347e+10,1609,1.87229e+06,1611,
c1705,20170310,20170310,00:14:14,0,1592,1016234,1609,1588,1605,-1,15975.4,1593,1156,1592,1583,169115311.7764e+06,1.62347e+10,1609,1.87229e+06,1611,
c1705,20170310,20170310,00:14:15,0,1592,1016234,1609,1588,1605,-1,15975.4,1593,1156,1592,1581,169115311.7764e+06,1.62347e+10,1609,1.87229e+06,1611,
c1705,20170310,20170310,00:14:16,0,1592,1016234,1609,1588,1605,-1,15975.4,1593,1156,1592,1580,169115311.7764e+06,1.62347e+10,1609,1.87229e+06,1611,
c1705,20170310,20170310,00:14:17,0,1592,1016234,1609,1588,1605,-1,15975.4,1593,1155,1592,1580,169115311.7764e+06,1.62347e+10,1609,1.87229e+06,1611,
c1705,20170310,20170310,00:14:18,0,1593,1019234,1609,1588,1605,-1,15975.3,1594,1208,1592,1561,169115311.77749e+06,1.62825e+10,1609,1.87229e+06,1611,
c1705,20170310,20170310,00:14:18,500,1593,1019236,1609,1588,1605,-1,15975.3,1593,1,1592,1547,169115311.77749e+06,1.62826e+10,1609,1.87229e+06,1611,
c1705,20170310,20170310,00:14:19,0,1593,1019406,1609,1588,1605,-1,15975.3,1594,2908,1593,8,169115311.77738e+06,1.62853e+10,1609,1.87229e+06,1611,
c1705,20170310,20170310,00:14:19,500,1593,1019420,1609,1588,1605,-1,15975.3,1594,2879,1593,54,169115311.77738e+06,1.62855e+10,1609,1.87229e+06,1611,
c1705,20170310,20170310,00:14:20,0,1593,1019472,1609,1588,1605,-1,15975.3,1594,2876,1593,43,169115311.77733e+06,1.62863e+10,1609,1.87229e+06,1611,
c1705,20170310,20170310,00:14:20,500,1593,1019642,1609,1588,1605,-1,15975.3,1594,2876,1593,17,169115311.77726e+06,1.6289e+10,1609,1.87229e+06,1611,
c1705,20170310,20170310,00:14:21,0,1593,1020062,1609,1588,1605,-1,15975.2,1593,252,1592,1489,169115311.77727e+06,1.62957e+10,1609,1.87229e+06,1611,
c1705,20170310,20170310,00:14:21,500,1593,1020210,1609,1588,1605,-1,15975.2,1593,118,1592,1538,169115311.77731e+06,1.62981e+10,1609,1.87229e+06,1611,
c1705,20170310,20170310,00:14:22,0,1593,1020464,1609,1588,1605,-1,15975.2,1594,2804,1593,89,169115311.77706e+06,1.63021e+10,1609,1.87229e+06,1611,
c1705,20170310,20170310,00:14:22,500,1593,1020548,1609,1588,1605,-1,15975.2,1594,2851,1593,222,169115311.77706e+06,1.63035e+10,1609,1.87229e+06,1611,
c1705,20170310,20170310,00:14:23,500,1593,1020558,1609,1588,1605,-1,15975.2,1594,2854,1593,217,169115311.77706e+06,1.63036e+10,1609,1.87229e+06,1611,
c1705,20170310,20170310,00:14:24,500,1593,1020558,1609,1588,1605,-1,15975.2,1594,2734,1593,217,169115311.77706e+06,1.63036e+10,1609,1.87229e+06,1611,
c1705,20170310,20170310,00:14:25,0,1593,1020568,1609,1588,1605,-1,15975.2,1594,2734,1593,212,169115311.77705e+06,1.63038e+10,1609,1.87229e+06,1611,
c1705,20170310,20170310,00:14:25,500,1593,1020568,1609,1588,1605,-1,15975.2,1594,2734,1593,213,169115311.77705e+06,1.63038e+10,1609,1.87229e+06,1611,
c1705,20170310,20170310,00:14:26,0,1593,1020970,1609,1588,1605,-1,15975.2,1594,2734,1593,13,169115311.7774e+06,1.63102e+10,1609,1.87229e+06,1611,
c1705,20170310,20170310,00:14:26,500,1593,1020986,1609,1588,1605,-1,15975.2,1593,428,1592,1514,169115311.77741e+06,1.63104e+10,1609,1.87229e+06,1611,
c1705,20170310,20170310,00:14:27,500,1593,1020990,1609,1588,1605,-1,15975.2,1593,571,1592,1514,169115311.77741e+06,1.63105e+10,1609,1.87229e+06,1611,
c1705,20170310,20170310,00:14:28,0,1593,1020990,1609,1588,1605,-1,15975.2,1593,575,1592,1512,169115311.77741e+06,1.63105e+10,1609,1.87229e+06,1611,
c1705,20170310,20170310,00:14:29,500,1593,1020990,1609,1588,1605,-1,15975.2,1593,575,1592,1522,169115311.77741e+06,1.63105e+10,1609,1.87229e+06,1611,
c1705,20170310,20170310,00:14:30,0,1592,1021050,1609,1588,1605,-1,15975.2,1593,571,1592,1503,169115311.77735e+06,1.63115e+10,1609,1.87229e+06,1611,
c1705,20170310,20170310,00:14:31,0,1593,1021064,1609,1588,1605,-1,15975.2,1593,564,1592,1506,169115311.77736e+06,1.63117e+10,1609,1.87229e+06,1611,
c1705,20170310,20170310,00:14:31,500,1593,1021064,1609,1588,1605,-1,15975.2,1593,564,1592,1507,169115311.77736e+06,1.63117e+10,1609,1.87229e+06,1611,
c1705,20170310,20170310,00:14:32,500,1593,1021064,1609,1588,1605,-1,15975.2,1593,747,1592,1488,169115311.77736e+06,1.63117e+10,1609,1.87229e+06,1611,
c1705,20170310,20170310,00:14:33,0,1593,1021064,1609,1588,1605,-1,15975.2,1593,896,1592,1487,169115311.77736e+06,1.63117e+10,1609,1.87229e+06,1611,
c1705,20170310,20170310,00:14:33,500,1592,1021066,1609,1588,1605,-1,15975.2,1593,1244,1592,1436,169115311.77736e+06,1.63117e+10,1609,1.87229e+06,1611,
c1705,20170310,20170310,00:14:34,0,1592,1021066,1609,1588,1605,-1,15975.2,1593,1263,1592,1436,169115311.77736e+06,1.63117e+10,1609,1.87229e+06,1611,
c1705,20170310,20170310,00:14:34,500,1592,1021066,1609,1588,1605,-1,15975.2,1593,1339,1592,1458,169115311.77736e+06,1.63117e+10,1609,1.87229e+06,1611,
c1705,20170310,20170310,00:14:35,0,1592,1021066,1609,1588,1605,-1,15975.2,1593,1345,1592,1458,169115311.77736e+06,1.63117e+10,1609,1.87229e+06,1611,
c1705,20170310,20170310,00:14:36,500,1593,1021086,1609,1588,1605,-1,15975.2,1593,1359,1592,1457,169115311.77738e+06,1.6312e+10,1609,1.87229e+06,1611,
c1705,20170310,20170310,00:14:37,0,1593,1021086,1609,1588,1605,-1,15975.2,1593,1360,1592,1457,169115311.77738e+06,1.6312e+10,1609,1.87229e+06,1611,
c1705,20170310,20170310,00:14:38,0,1593,1021088,1609,1588,1605,-1,15975.2,1593,1359,1592,1457,169115311.77738e+06,1.63121e+10,1609,1.87229e+06,1611,
c1705,20170310,20170310,00:14:38,500,1593,1021090,1609,1588,1605,-1,15975.2,1593,1401,1592,1456,169115311.77738e+06,1.63121e+10,1609,1.87229e+06,1611,
c1705,20170310,20170310,00:14:39,0,1593,1021090,1609,1588,1605,-1,15975.2,1593,1434,1592,1456,169115311.77738e+06,1.63121e+10,1609,1.87229e+06,1611,
c1705,20170310,20170310,00:14:40,0,1593,1021090,1609,1588,1605,-1,15975.2,1593,1435,1592,1456,169115311.77738e+06,1.63121e+10,1609,1.87229e+06,1611,
c1705,20170310,20170310,00:14:40,500,1593,1021092,1609,1588,1605,-1,15975.2,1593,1433,1592,1446,169115311.77738e+06,1.63121e+10,1609,1.87229e+06,1611,
c1705,20170310,20170310,00:14:41,0,1593,1021092,1609,1588,1605,-1,15975.2,1593,1441,1592,1445,169115311.77738e+06,1.63121e+10,1609,1.87229e+06,1611,
c1705,20170310,20170310,00:14:42,0,1592,1021094,1609,1588,1605,-1,15975.2,1593,1441,1592,1460,169115311.77738e+06,1.63122e+10,1609,1.87229e+06,1611,
c1705,20170310,20170310,00:14:42,500,1593,1021098,1609,1588,1605,-1,15975.2,1593,1439,1592,1461,169115311.77738e+06,1.63122e+10,1609,1.87229e+06,1611,
c1705,20170310,20170310,00:14:43,500,1593,1021098,1609,1588,1605,-1,15975.2,1593,1438,1592,1456,169115311.77738e+06,1.63122e+10,1609,1.87229e+06,1611,
c1705,20170310,20170310,00:14:44,0,1593,1021100,1609,1588,1605,-1,15975.2,1593,1437,1592,1451,169115311.77738e+06,1.63123e+10,1609,1.87229e+06,1611,
c1705,20170310,20170310,00:14:44,500,1593,1021102,1609,1588,1605,-1,15975.2,1593,1368,1592,1451,169115311.77739e+06,1.63123e+10,1609,1.87229e+06,1611,
c1705,20170310,20170310,00:14:45,0,1593,1021102,1609,1588,1605,-1,15975.2,1593,1268,1592,1451,169115311.77739e+06,1.63123e+10,1609,1.87229e+06,1611,
c1705,20170310,20170310,00:14:46,500,1593,1021968,1609,1588,1605,-1,15975.1,1593,795,1592,1451,169115311.77697e+06,1.63261e+10,1609,1.87229e+06,1611,
c1705,20170310,20170310,00:14:47,0,1593,1021970,1609,1588,1605,-1,15975.1,1593,758,1592,1471,169115311.77697e+06,1.63261e+10,1609,1.87229e+06,1611,
c1705,20170310,20170310,00:14:47,500,1592,1021980,1609,1588,1605,-1,15975.1,1593,757,1592,1472,169115311.77696e+06,1.63263e+10,1609,1.87229e+06,1611,
c1705,20170310,20170310,00:14:48,0,1592,1021980,1609,1588,1605,-1,15975.1,1593,758,1592,1472,169115311.77696e+06,1.63263e+10,1609,1.87229e+06,1611,
c1705,20170310,20170310,00:14:48,500,1593,1022000,1609,1588,1605,-1,15975.1,1593,747,1592,1472,169115311.77696e+06,1.63266e+10,1609,1.87229e+06,1611,
c1705,20170310,20170310,00:14:49,0,1593,1022002,1609,1588,1605,-1,15975.1,1593,747,1592,1471,169115311.77696e+06,1.63266e+10,1609,1.87229e+06,1611,
c1705,20170310,20170310,00:14:49,500,1593,1022010,1609,1588,1605,-1,15975.1,1593,741,1592,1591,169115311.77696e+06,1.63268e+10,1609,1.87229e+06,1611,
c1705,20170310,20170310,00:14:50,500,1593,1023502,1609,1588,1605,-1,15975.1,1594,2289,1593,352,169115311.77732e+06,1.63505e+10,1609,1.87229e+06,1611,
c1705,20170310,20170310,00:14:51,0,1593,1023502,1609,1588,1605,-1,15975.1,1594,2270,1593,354,169115311.77732e+06,1.63505e+10,1609,1.87229e+06,1611,
c1705,20170310,20170310,00:14:52,0,1593,1023502,1609,1588,1605,-1,15975.1,1594,2270,1593,355,169115311.77732e+06,1.63505e+10,1609,1.87229e+06,1611,
c1705,20170310,20170310,00:14:52,500,1594,1023504,1609,1588,1605,-1,15975.1,1594,2269,1593,355,169115311.77732e+06,1.63506e+10,1609,1.87229e+06,1611,
c1705,20170310,20170310,00:14:53,500,1594,1024504,1609,1588,1605,-1,15975,1594,1769,1593,369,169115311.77632e+06,1.63665e+10,1609,1.87229e+06,1611,
c1705,20170310,20170310,00:14:54,0,1594,1024510,1609,1588,1605,-1,15975,1594,1755,1593,393,169115311.77631e+06,1.63666e+10,1609,1.87229e+06,1611,
c1705,20170310,20170310,00:14:54,500,1593,1024514,1609,1588,1605,-1,15975,1594,1756,1593,528,169115311.77631e+06,1.63667e+10,1609,1.87229e+06,1611,
c1705,20170310,20170310,00:14:55,0,1593,1025518,1609,1588,1605,-1,15975,1594,1206,1593,523,169115311.77552e+06,1.63827e+10,1609,1.87229e+06,1611,
c1705,20170310,20170310,00:14:55,500,1593,1025758,1609,1588,1605,-1,15975,1594,2030,1593,396,169115311.77553e+06,1.63865e+10,1609,1.87229e+06,1611,
c1705,20170310,20170310,00:14:56,0,1593,1025758,1609,1588,1605,-1,15975,1594,2026,1593,404,169115311.77553e+06,1.63865e+10,1609,1.87229e+06,1611,
c1705,20170310,20170310,00:14:56,500,1593,1025770,1609,1588,1605,-1,15975,1594,2030,1593,399,169115311.77553e+06,1.63867e+10,1609,1.87229e+06,1611,
c1705,20170310,20170310,00:14:57,0,1593,1025770,1609,1588,1605,-1,15975,1594,2031,1593,399,169115311.77553e+06,1.63867e+10,1609,1.87229e+06,1611,
c1705,20170310,20170310,00:14:57,500,1593,1025770,1609,1588,1605,-1,15975,1594,2041,1593,409,169115311.77553e+06,1.63867e+10,1609,1.87229e+06,1611,
c1705,20170310,20170310,00:14:58,0,1593,1025770,1609,1588,1605,-1,15975,1594,2019,1593,409,169115311.77553e+06,1.63867e+10,1609,1.87229e+06,1611,
c1705,20170310,20170310,00:14:58,500,1593,1025770,1609,1588,1605,-1,15975,1594,2029,1593,419,169115311.77553e+06,1.63867e+10,1609,1.87229e+06,1611,
c1705,20170310,20170310,00:14:59,0,1593,1025776,1609,1588,1605,-1,15975,1594,2084,1593,398,169115311.77553e+06,1.63868e+10,1609,1.87229e+06,1611,
c1705,20170310,20170310,00:14:59,500,1593,1025776,1609,1588,1605,-1,15975,1594,2083,1593,450,169115311.77553e+06,1.63868e+10,1609,1.87229e+06,1611,
c1705,20170310,20170310,00:15:00,0,1593,1025776,1609,1588,1605,-1,15975,1594,2083,1593,438,169115311.77553e+06,1.63868e+10,1609,1.87229e+06,1611,
c1705,20170310,20170310,00:15:00,500,1593,1025778,1609,1588,1605,-1,15975,1594,2082,1593,443,169115311.77553e+06,1.63868e+10,1609,1.87229e+06,1611,
c1705,20170310,20170310,00:15:01,0,1593,1025778,1609,1588,1605,-1,15975,1594,2080,1593,443,169115311.77553e+06,1.63868e+10,1609,1.87229e+06,1611,
c1705,20170310,20170310,00:15:01,500,1593,1025778,1609,1588,1605,-1,15975,1594,2082,1593,443,169115311.77553e+06,1.63868e+10,1609,1.87229e+06,1611,
c1705,20170310,20170310,00:15:02,0,1593,1025778,1609,1588,1605,-1,15975,1594,2084,1593,443,169115311.77553e+06,1.63868e+10,1609,1.87229e+06,1611,
c1705,20170310,20170310,00:15:02,500,1593,1025778,1609,1588,1605,-1,15975,1594,2069,1593,443,169115311.77553e+06,1.63868e+10,1609,1.87229e+06,1611,
c1705,20170310,20170310,00:15:03,0,1594,1025780,1609,1588,1605,-1,15975,1594,2068,1593,443,169115311.77553e+06,1.63868e+10,1609,1.87229e+06,1611,
c1705,20170310,20170310,00:15:03,500,1593,1025802,1609,1588,1605,-1,15975,1594,2068,1593,432,169115311.77553e+06,1.63872e+10,1609,1.87229e+06,1611,
c1705,20170310,20170310,00:15:04,0,1593,1025804,1609,1588,1605,-1,15975,1594,2068,1593,432,169115311.77553e+06,1.63872e+10,1609,1.87229e+06,1611,
c1705,20170310,20170310,00:15:05,500,1594,1025806,1609,1588,1605,-1,15975,1594,2070,1593,432,169115311.77553e+06,1.63872e+10,1609,1.87229e+06,1611,
c1705,20170310,20170310,00:15:06,0,1594,1025806,1609,1588,1605,-1,15975,1594,2043,1593,432,169115311.77553e+06,1.63872e+10,1609,1.87229e+06,1611,
c1705,20170310,20170310,00:15:06,500,1594,1025806,1609,1588,1605,-1,15975,1594,2043,1593,434,169115311.77553e+06,1.63872e+10,1609,1.87229e+06,1611,
c1705,20170310,20170310,00:15:07,0,1594,1025806,1609,1588,1605,-1,15975,1594,2043,1593,435,169115311.77553e+06,1.63872e+10,1609,1.87229e+06,1611,
c1705,20170310,20170310,00:15:07,500,1593,1025818,1609,1588,1605,-1,15975,1594,2043,1593,429,169115311.77553e+06,1.63874e+10,1609,1.87229e+06,1611,
c1705,20170310,20170310,00:15:08,0,1593,1025918,1609,1588,1605,-1,15975,1594,2042,1593,379,169115311.77553e+06,1.6389e+10,1609,1.87229e+06,1611,
c1705,20170310,20170310,00:15:08,500,1593,1025918,1609,1588,1605,-1,15975,1594,2043,1593,380,169115311.77553e+06,1.6389e+10,1609,1.87229e+06,1611,
c1705,20170310,20170310,00:15:09,0,1593,1025918,1609,1588,1605,-1,15975,1594,2152,1593,380,169115311.77553e+06,1.6389e+10,1609,1.87229e+06,1611,
c1705,20170310,20170310,00:15:09,500,1593,1025918,1609,1588,1605,-1,15975,1594,2151,1593,382,169115311.77553e+06,1.6389e+10,1609,1.87229e+06,1611,
c1705,20170310,20170310,00:15:10,0,1593,1025918,1609,1588,1605,-1,15975,1594,2155,1593,382,169115311.77553e+06,1.6389e+10,1609,1.87229e+06,1611,
c1705,20170310,20170310,00:15:10,500,1593,1025918,1609,1588,1605,-1,15975,1594,2156,1593,385,169115311.77553e+06,1.6389e+10,1609,1.87229e+06,1611,
c1705,20170310,20170310,00:15:11,0,1593,1025918,1609,1588,1605,-1,15975,1594,2156,1593,390,169115311.77553e+06,1.6389e+10,1609,1.87229e+06,1611,
c1705,20170310,20170310,00:15:12,0,1593,1025944,1609,1588,1605,-1,15975,1594,2173,1593,380,169115311.77553e+06,1.63894e+10,1609,1.87229e+06,1611,
c1705,20170310,20170310,00:15:12,500,1594,1025946,1609,1588,1605,-1,15975,1594,2172,1593,380,169115311.77553e+06,1.63895e+10,1609,1.87229e+06,1611,
c1705,20170310,20170310,00:15:13,0,1594,1025946,1609,1588,1605,-1,15975,1594,2172,1593,383,169115311.77553e+06,1.63895e+10,1609,1.87229e+06,1611,
c1705,20170310,20170310,00:15:13,500,1593,1025948,1609,1588,1605,-1,15975,1594,2174,1593,380,169115311.77553e+06,1.63895e+10,1609,1.87229e+06,1611,
c1705,20170310,20170310,00:15:14,500,1593,1025950,1609,1588,1605,-1,15975,1594,2174,1593,379,169115311.77553e+06,1.63895e+10,1609,1.87229e+06,1611,
c1705,20170310,20170310,00:15:15,0,1593,1025950,1609,1588,1605,-1,15975,1594,2174,1593,380,169115311.77553e+06,1.63895e+10,1609,1.87229e+06,1611,
c1705,20170310,20170310,00:15:15,500,1593,1025952,1609,1588,1605,-1,15975,1594,2175,1593,379,169115311.77553e+06,1.63896e+10,1609,1.87229e+06,1611,
c1705,20170310,20170310,00:15:16,0,1594,1025954,1609,1588,1605,-1,15975,1594,2174,1593,379,169115311.77553e+06,1.63896e+10,1609,1.87229e+06,1611,
c1705,20170310,20170310,00:15:16,500,1594,1025954,1609,1588,1605,-1,15975,1594,2175,1593,379,169115311.77553e+06,1.63896e+10,1609,1.87229e+06,1611,
c1705,20170310,20170310,00:15:17,0,1594,1025954,1609,1588,1605,-1,15975,1594,2178,1593,379,169115311.77553e+06,1.63896e+10,1609,1.87229e+06,1611,
c1705,20170310,20170310,00:15:17,500,1594,1025954,1609,1588,1605,-1,15975,1594,2179,1593,379,169115311.77553e+06,1.63896e+10,1609,1.87229e+06,1611,
c1705,20170310,20170310,00:15:18,0,1593,1025956,1609,1588,1605,-1,15975,1594,2179,1593,378,169115311.77553e+06,1.63896e+10,1609,1.87229e+06,1611,
c1705,20170310,20170310,00:15:18,500,1594,1025962,1609,1588,1605,-1,15975,1594,2177,1593,377,169115311.77553e+06,1.63897e+10,1609,1.87229e+06,1611,
c1705,20170310,20170310,00:15:19,0,1594,1025962,1609,1588,1605,-1,15975,1594,2177,1593,387,169115311.77553e+06,1.63897e+10,1609,1.87229e+06,1611,
c1705,20170310,20170310,00:15:19,500,1594,1025962,1609,1588,1605,-1,15975,1594,2176,1593,388,169115311.77553e+06,1.63897e+10,1609,1.87229e+06,1611,
c1705,20170310,20170310,00:15:20,0,1593,1025966,1609,1588,1605,-1,15975,1594,2184,1593,387,169115311.77553e+06,1.63898e+10,1609,1.87229e+06,1611,
c1705,20170310,20170310,00:15:20,500,1593,1025966,1609,1588,1605,-1,15975,1594,2183,1593,386,169115311.77553e+06,1.63898e+10,1609,1.87229e+06,1611,
c1705,20170310,20170310,00:15:21,0,1593,1025970,1609,1588,1605,-1,15975,1594,2184,1593,386,169115311.77553e+06,1.63899e+10,1609,1.87229e+06,1611,
c1705,20170310,20170310,00:15:21,500,1593,1025970,1609,1588,1605,-1,15975,1594,2188,1593,388,169115311.77553e+06,1.63899e+10,1609,1.87229e+06,1611,
c1705,20170310,20170310,00:15:22,0,1594,1025990,1609,1588,1605,-1,15975,1594,2178,1593,389,169115311.77551e+06,1.63902e+10,1609,1.87229e+06,1611,
c1705,20170310,20170310,00:15:22,500,1594,1025990,1609,1588,1605,-1,15975,1594,2188,1593,392,169115311.77551e+06,1.63902e+10,1609,1.87229e+06,1611,
c1705,20170310,20170310,00:15:23,0,1593,1025994,1609,1588,1605,-1,15975,1594,2218,1593,389,169115311.77551e+06,1.63902e+10,1609,1.87229e+06,1611,
c1705,20170310,20170310,00:15:24,0,1593,1025998,1609,1588,1605,-1,15975,1594,2217,1593,387,169115311.77551e+06,1.63903e+10,1609,1.87229e+06,1611,
c1705,20170310,20170310,00:15:25,0,1593,1025998,1609,1588,1605,-1,15975,1594,2218,1593,387,169115311.77551e+06,1.63903e+10,1609,1.87229e+06,1611,
c1705,20170310,20170310,00:15:27,0,1593,1026004,1609,1588,1605,-1,15975,1594,2218,1593,384,169115311.77551e+06,1.63904e+10,1609,1.87229e+06,1611,
c1705,20170310,20170310,00:15:27,500,1594,1026014,1609,1588,1605,-1,15975,1594,2213,1593,385,169115311.77551e+06,1.63906e+10,1609,1.87229e+06,1611,
c1705,20170310,20170310,00:15:28,0,1593,1026016,1609,1588,1605,-1,15975,1594,2213,1593,384,169115311.77551e+06,1.63906e+10,1609,1.87229e+06,1611,
c1705,20170310,20170310,00:15:28,500,1593,1026016,1609,1588,1605,-1,15975,1594,2193,1593,384,169115311.77551e+06,1.63906e+10,1609,1.87229e+06,1611,
c1705,20170310,20170310,00:15:29,500,1594,1026030,1609,1588,1605,-1,15975,1594,2188,1593,397,169115311.77552e+06,1.63908e+10,1609,1.87229e+06,1611,
c1705,20170310,20170310,00:15:30,500,1594,1026030,1609,1588,1605,-1,15975,1594,2186,1593,397,169115311.77552e+06,1.63908e+10,1609,1.87229e+06,1611,
c1705,20170310,20170310,00:15:31,0,1594,1026050,1609,1588,1605,-1,15975,1594,2185,1593,390,169115311.77553e+06,1.63911e+10,1609,1.87229e+06,1611,
c1705,20170310,20170310,00:15:32,0,1593,1026062,1609,1588,1605,-1,15975,1594,2185,1593,384,169115311.77553e+06,1.63913e+10,1609,1.87229e+06,1611,
c1705,20170310,20170310,00:15:32,500,1593,1026062,1609,1588,1605,-1,15975,1594,2185,1593,550,169115311.77553e+06,1.63913e+10,1609,1.87229e+06,1611,
c1705,20170310,20170310,00:15:33,0,1593,1026062,1609,1588,1605,-1,15975,1594,2186,1593,550,169115311.77553e+06,1.63913e+10,1609,1.87229e+06,1611,
c1705,20170310,20170310,00:15:33,500,1593,1026066,1609,1588,1605,-1,15975,1594,2186,1593,547,169115311.77553e+06,1.63914e+10,1609,1.87229e+06,1611,
c1705,20170310,20170310,00:15:34,500,1593,1026066,1609,1588,1605,-1,15975,1594,2188,1593,548,169115311.77553e+06,1.63914e+10,1609,1.87229e+06,1611,
c1705,20170310,20170310,00:15:35,500,1594,1026068,1609,1588,1605,-1,15975,1594,2186,1593,550,169115311.77553e+06,1.63914e+10,1609,1.87229e+06,1611,
c1705,20170310,20170310,00:15:36,500,1594,1026068,1609,1588,1605,-1,15975,1594,2195,1593,550,169115311.77553e+06,1.63914e+10,1609,1.87229e+06,1611,
c1705,20170310,20170310,00:15:37,0,1594,1026068,1609,1588,1605,-1,15975,1594,2196,1593,550,169115311.77553e+06,1.63914e+10,1609,1.87229e+06,1611,
c1705,20170310,20170310,00:15:37,500,1594,1026068,1609,1588,1605,-1,15975,1594,2197,1593,550,169115311.77553e+06,1.63914e+10,1609,1.87229e+06,1611,
c1705,20170310,20170310,00:15:38,0,1594,1026070,1609,1588,1605,-1,15975,1594,2196,1593,548,169115311.77553e+06,1.63914e+10,1609,1.87229e+06,1611,
c1705,20170310,20170310,00:15:38,500,1593,1026080,1609,1588,1605,-1,15975,1594,2194,1593,545,169115311.77553e+06,1.63916e+10,1609,1.87229e+06,1611,
c1705,20170310,20170310,00:15:39,0,1593,1026080,1609,1588,1605,-1,15975,1594,2190,1593,566,169115311.77553e+06,1.63916e+10,1609,1.87229e+06,1611,
c1705,20170310,20170310,00:15:39,500,1593,1026082,1609,1588,1605,-1,15975,1594,2190,1593,567,169115311.77553e+06,1.63916e+10,1609,1.87229e+06,1611,
c1705,20170310,20170310,00:15:40,0,1593,1026082,1609,1588,1605,-1,15975,1594,2189,1593,568,169115311.77553e+06,1.63916e+10,1609,1.87229e+06,1611,
c1705,20170310,20170310,00:15:40,500,1593,1026082,1609,1588,1605,-1,15975,1594,2189,1593,570,169115311.77553e+06,1.63916e+10,1609,1.87229e+06,1611,
c1705,20170310,20170310,00:15:41,500,1593,1026082,1609,1588,1605,-1,15975,1594,2189,1593,569,169115311.77553e+06,1.63916e+10,1609,1.87229e+06,1611,
c1705,20170310,20170310,00:15:42,0,1593,1026092,1609,1588,1605,-1,15975,1594,2189,1593,565,169115311.77553e+06,1.63918e+10,1609,1.87229e+06,1611,
c1705,20170310,20170310,00:15:42,500,1593,1026092,1609,1588,1605,-1,15975,1594,2189,1593,575,169115311.77553e+06,1.63918e+10,1609,1.87229e+06,1611,
c1705,20170310,20170310,00:15:43,500,1594,1026094,1609,1588,1605,-1,15975,1594,2188,1593,576,169115311.77553e+06,1.63918e+10,1609,1.87229e+06,1611,
c1705,20170310,20170310,00:15:44,0,1594,1026094,1609,1588,1605,-1,15975,1594,2188,1593,577,169115311.77553e+06,1.63918e+10,1609,1.87229e+06,1611,
c1705,20170310,20170310,00:15:44,500,1594,1026094,1609,1588,1605,-1,15975,1594,2189,1593,580,169115311.77553e+06,1.63918e+10,1609,1.87229e+06,1611,
c1705,20170310,20170310,00:15:45,500,1593,1026096,1609,1588,1605,-1,15975,1594,2189,1593,579,169115311.77553e+06,1.63919e+10,1609,1.87229e+06,1611,
c1705,20170310,20170310,00:15:46,0,1593,1026098,1609,1588,1605,-1,15975,1594,2184,1593,579,169115311.77553e+06,1.63919e+10,1609,1.87229e+06,1611,
c1705,20170310,20170310,00:15:47,0,1593,1026100,1609,1588,1605,-1,15975,1594,2184,1593,563,169115311.77553e+06,1.63919e+10,1609,1.87229e+06,1611,
c1705,20170310,20170310,00:15:47,500,1593,1026100,1609,1588,1605,-1,15975,1594,2186,1593,565,169115311.77553e+06,1.63919e+10,1609,1.87229e+06,1611,
c1705,20170310,20170310,00:15:48,500,1593,1026100,1609,1588,1605,-1,15975,1594,2186,1593,566,169115311.77553e+06,1.63919e+10,1609,1.87229e+06,1611,
c1705,20170310,20170310,00:15:49,0,1593,1026110,1609,1588,1605,-1,15975,1594,2209,1593,573,169115311.77554e+06,1.63921e+10,1609,1.87229e+06,1611,
c1705,20170310,20170310,00:15:50,0,1593,1026110,1609,1588,1605,-1,15975,1594,2221,1593,573,169115311.77554e+06,1.63921e+10,1609,1.87229e+06,1611,
c1705,20170310,20170310,00:15:51,0,1593,1026262,1609,1588,1605,-1,15975,1594,2216,1593,503,169115311.77553e+06,1.63945e+10,1609,1.87229e+06,1611,
c1705,20170310,20170310,00:15:53,500,1593,1026262,1609,1588,1605,-1,15975,1594,2216,1593,533,169115311.77553e+06,1.63945e+10,1609,1.87229e+06,1611,
c1705,20170310,20170310,00:15:54,0,1593,1026262,1609,1588,1605,-1,15975,1594,2216,1593,634,169115311.77553e+06,1.63945e+10,1609,1.87229e+06,1611,
c1705,20170310,20170310,00:15:56,0,1593,1026264,1609,1588,1605,-1,15975,1594,2217,1593,633,169115311.77553e+06,1.63945e+10,1609,1.87229e+06,1611,
c1705,20170310,20170310,00:15:58,0,1593,1026264,1609,1588,1605,-1,15975,1594,2217,1593,634,169115311.77553e+06,1.63945e+10,1609,1.87229e+06,1611,
c1705,20170310,20170310,00:15:58,500,1593,1026264,1609,1588,1605,-1,15975,1594,2217,1593,645,169115311.77553e+06,1.63945e+10,1609,1.87229e+06,1611,
c1705,20170310,20170310,00:15:59,500,1594,1026266,1609,1588,1605,-1,15975,1594,2216,1593,646,169115311.77553e+06,1.63946e+10,1609,1.87229e+06,1611,
c1705,20170310,20170310,00:16:00,500,1593,1026326,1609,1588,1605,-1,15975,1594,2289,1593,617,169115311.77552e+06,1.63955e+10,1609,1.87229e+06,1611,
c1705,20170310,20170310,00:16:01,500,1593,1026326,1609,1588,1605,-1,15975,1594,2289,1593,618,169115311.77552e+06,1.63955e+10,1609,1.87229e+06,1611,
c1705,20170310,20170310,00:16:02,0,1593,1026326,1609,1588,1605,-1,15975,1594,2290,1593,618,169115311.77552e+06,1.63955e+10,1609,1.87229e+06,1611,
c1705,20170310,20170310,00:16:02,500,1593,1026326,1609,1588,1605,-1,15975,1594,2288,1593,640,169115311.77552e+06,1.63955e+10,1609,1.87229e+06,1611,
c1705,20170310,20170310,00:16:03,0,1594,1026330,1609,1588,1605,-1,15975,1594,2287,1593,641,169115311.77552e+06,1.63956e+10,1609,1.87229e+06,1611,
c1705,20170310,20170310,00:16:05,0,1594,1026330,1609,1588,1605,-1,15975,1594,2287,1593,651,169115311.77552e+06,1.63956e+10,1609,1.87229e+06,1611,
c1705,20170310,20170310,00:16:05,500,1593,1026332,1609,1588,1605,-1,15975,1594,2292,1593,644,169115311.77552e+06,1.63956e+10,1609,1.87229e+06,1611,
c1705,20170310,20170310,00:16:06,0,1593,1026338,1609,1588,1605,-1,15975,1594,2291,1593,642,169115311.77552e+06,1.63957e+10,1609,1.87229e+06,1611,
c1705,20170310,20170310,00:16:06,500,1593,1026340,1609,1588,1605,-1,15975,1594,2297,1593,641,169115311.77552e+06,1.63957e+10,1609,1.87229e+06,1611,
c1705,20170310,20170310,00:16:07,0,1593,1026340,1609,1588,1605,-1,15975,1594,2298,1593,650,169115311.77552e+06,1.63957e+10,1609,1.87229e+06,1611,
c1705,20170310,20170310,00:16:07,500,1593,1026344,1609,1588,1605,-1,15975,1594,2277,1593,630,169115311.77552e+06,1.63958e+10,1609,1.87229e+06,1611,
c1705,20170310,20170310,00:16:08,0,1593,1026344,1609,1588,1605,-1,15975,1594,2285,1593,631,169115311.77552e+06,1.63958e+10,1609,1.87229e+06,1611,
c1705,20170310,20170310,00:16:09,0,1593,1026344,1609,1588,1605,-1,15975,1594,2286,1593,633,169115311.77552e+06,1.63958e+10,1609,1.87229e+06,1611,
c1705,20170310,20170310,00:16:09,500,1593,1026360,1609,1588,1605,-1,15975,1594,2301,1593,625,169115311.77552e+06,1.63961e+10,1609,1.87229e+06,1611,
c1705,20170310,20170310,00:16:10,0,1593,1026360,1609,1588,1605,-1,15975,1594,2298,1593,625,169115311.77552e+06,1.63961e+10,1609,1.87229e+06,1611,
c1705,20170310,20170310,00:16:10,500,1593,1026364,1609,1588,1605,-1,15975,1594,2299,1593,647,169115311.77552e+06,1.63961e+10,1609,1.87229e+06,1611,
c1705,20170310,20170310,00:16:11,0,1593,1026374,1609,1588,1605,-1,15975,1594,2299,1593,642,169115311.77552e+06,1.63963e+10,1609,1.87229e+06,1611,
c1705,20170310,20170310,00:16:12,0,1593,1027658,1609,1588,1605,-1,15974.9,1593,31,1592,1455,169115311.77567e+06,1.64167e+10,1609,1.87229e+06,1611,
c1705,20170310,20170310,00:16:12,500,1593,1028246,1609,1588,1605,-1,15974.9,1593,115,1592,1636,169115311.77546e+06,1.64261e+10,1609,1.87229e+06,1611,
c1705,20170310,20170310,00:16:13,0,1593,1028280,1609,1588,1605,-1,15974.9,1594,2359,1593,288,169115311.77544e+06,1.64267e+10,1609,1.87229e+06,1611,
c1705,20170310,20170310,00:16:13,500,1593,1028454,1609,1588,1605,-1,15974.9,1594,2355,1593,156,169115311.77551e+06,1.64294e+10,1609,1.87229e+06,1611,
c1705,20170310,20170310,00:16:14,0,1593,1028768,1609,1588,1605,-1,15974.9,1593,280,1592,1726,169115311.77555e+06,1.64344e+10,1609,1.87229e+06,1611,
c1705,20170310,20170310,00:16:15,0,1593,1028768,1609,1588,1605,-1,15974.9,1593,297,1592,1664,169115311.77555e+06,1.64344e+10,1609,1.87229e+06,1611,
c1705,20170310,20170310,00:16:15,500,1593,1028770,1609,1588,1605,-1,15974.9,1593,320,1592,1665,169115311.77555e+06,1.64345e+10,1609,1.87229e+06,1611,
c1705,20170310,20170310,00:16:16,500,1593,1028770,1609,1588,1605,-1,15974.9,1593,336,1592,1665,169115311.77555e+06,1.64345e+10,1609,1.87229e+06,1611,
c1705,20170310,20170310,00:16:17,0,1593,1028770,1609,1588,1605,-1,15974.9,1593,362,1592,1617,169115311.77555e+06,1.64345e+10,1609,1.87229e+06,1611,
c1705,20170310,20170310,00:16:18,0,1593,1028770,1609,1588,1605,-1,15974.9,1593,535,1592,1631,169115311.77555e+06,1.64345e+10,1609,1.87229e+06,1611,
c1705,20170310,20170310,00:16:18,500,1593,1028772,1609,1588,1605,-1,15974.9,1593,518,1592,1762,169115311.77555e+06,1.64345e+10,1609,1.87229e+06,1611,
c1705,20170310,20170310,00:16:19,0,1593,1028772,1609,1588,1605,-1,15974.9,1593,521,1592,1765,169115311.77555e+06,1.64345e+10,1609,1.87229e+06,1611,
c1705,20170310,20170310,00:16:20,0,1593,1028776,1609,1588,1605,-1,15974.9,1593,519,1592,1811,169115311.77555e+06,1.64346e+10,1609,1.87229e+06,1611,
c1705,20170310,20170310,00:16:21,0,1593,1028776,1609,1588,1605,-1,15974.9,1593,519,1592,1845,169115311.77555e+06,1.64346e+10,1609,1.87229e+06,1611,
c1705,20170310,20170310,00:16:21,500,1593,1029524,1609,1588,1605,-1,15974.8,1593,145,1592,1855,169115311.77522e+06,1.64465e+10,1609,1.87229e+06,1611,
c1705,20170310,20170310,00:16:22,0,1593,1029872,1609,1588,1605,-1,15974.8,1594,2317,1593,213,169115311.77527e+06,1.6452e+10,1609,1.87229e+06,1611,
c1705,20170310,20170310,00:16:22,500,1593,1029872,1609,1588,1605,-1,15974.8,1594,2342,1593,229,169115311.77527e+06,1.6452e+10,1609,1.87229e+06,1611,
c1705,20170310,20170310,00:16:23,0,1593,1029872,1609,1588,1605,-1,15974.8,1594,2333,1593,224,169115311.77527e+06,1.6452e+10,1609,1.87229e+06,1611,
c1705,20170310,20170310,00:16:23,500,1593,1029872,1609,1588,1605,-1,15974.8,1594,2332,1593,225,169115311.77527e+06,1.6452e+10,1609,1.87229e+06,1611,
c1705,20170310,20170310,00:16:24,500,1593,1029872,1609,1588,1605,-1,15974.8,1594,2395,1593,241,169115311.77527e+06,1.6452e+10,1609,1.87229e+06,1611,
c1705,20170310,20170310,00:16:25,0,1593,1029876,1609,1588,1605,-1,15974.8,1594,2395,1593,239,169115311.77528e+06,1.64521e+10,1609,1.87229e+06,1611,
c1705,20170310,20170310,00:16:25,500,1593,1029876,1609,1588,1605,-1,15974.8,1594,2345,1593,745,169115311.77528e+06,1.64521e+10,1609,1.87229e+06,1611,
c1705,20170310,20170310,00:16:26,0,1593,1029876,1609,1588,1605,-1,15974.8,1594,2345,1593,746,169115311.77528e+06,1.64521e+10,1609,1.87229e+06,1611,
c1705,20170310,20170310,00:16:26,500,1593,1029876,1609,1588,1605,-1,15974.8,1594,2346,1593,746,169115311.77528e+06,1.64521e+10,1609,1.87229e+06,1611,
c1705,20170310,20170310,00:16:27,0,1593,1029878,1609,1588,1605,-1,15974.8,1594,2346,1593,745,169115311.77528e+06,1.64521e+10,1609,1.87229e+06,1611,
c1705,20170310,20170310,00:16:27,500,1593,1029878,1609,1588,1605,-1,15974.8,1594,2335,1593,867,169115311.77528e+06,1.64521e+10,1609,1.87229e+06,1611,
c1705,20170310,20170310,00:16:28,0,1593,1029878,1609,1588,1605,-1,15974.8,1594,2346,1593,872,169115311.77528e+06,1.64521e+10,1609,1.87229e+06,1611,
c1705,20170310,20170310,00:16:28,500,1593,1029882,1609,1588,1605,-1,15974.8,1594,2346,1593,870,169115311.77528e+06,1.64522e+10,1609,1.87229e+06,1611,
c1705,20170310,20170310,00:16:29,500,1593,1029884,1609,1588,1605,-1,15974.8,1594,2346,1593,869,169115311.77528e+06,1.64522e+10,1609,1.87229e+06,1611,
c1705,20170310,20170310,00:16:30,500,1593,1029884,1609,1588,1605,-1,15974.8,1594,2419,1593,704,169115311.77528e+06,1.64522e+10,1609,1.87229e+06,1611,
c1705,20170310,20170310,00:16:31,0,1593,1029884,1609,1588,1605,-1,15974.8,1594,2420,1593,704,169115311.77528e+06,1.64522e+10,1609,1.87229e+06,1611,
c1705,20170310,20170310,00:16:31,500,1594,1029886,1609,1588,1605,-1,15974.8,1594,2419,1593,644,169115311.77528e+06,1.64522e+10,1609,1.87229e+06,1611,
c1705,20170310,20170310,00:16:32,0,1593,1029890,1609,1588,1605,-1,15974.8,1594,2421,1593,642,169115311.77528e+06,1.64523e+10,1609,1.87229e+06,1611,
c1705,20170310,20170310,00:16:32,500,1593,1029890,1609,1588,1605,-1,15974.8,1594,2420,1593,642,169115311.77528e+06,1.64523e+10,1609,1.87229e+06,1611,
c1705,20170310,20170310,00:16:33,0,1593,1029890,1609,1588,1605,-1,15974.8,1594,2419,1593,646,169115311.77528e+06,1.64523e+10,1609,1.87229e+06,1611,
c1705,20170310,20170310,00:16:33,500,1593,1029890,1609,1588,1605,-1,15974.8,1594,2420,1593,646,169115311.77528e+06,1.64523e+10,1609,1.87229e+06,1611,
c1705,20170310,20170310,00:16:34,0,1593,1029890,1609,1588,1605,-1,15974.8,1594,2401,1593,656,169115311.77528e+06,1.64523e+10,1609,1.87229e+06,1611,
c1705,20170310,20170310,00:16:35,0,1593,1029890,1609,1588,1605,-1,15974.8,1594,2806,1593,656,169115311.77528e+06,1.64523e+10,1609,1.87229e+06,1611,
c1705,20170310,20170310,00:16:35,500,1593,1029890,1609,1588,1605,-1,15974.8,1594,2801,1593,657,169115311.77528e+06,1.64523e+10,1609,1.87229e+06,1611,
c1705,20170310,20170310,00:16:36,0,1594,1029894,1609,1588,1605,-1,15974.8,1594,2800,1593,657,169115311.77527e+06,1.64524e+10,1609,1.87229e+06,1611,
c1705,20170310,20170310,00:16:36,500,1594,1029894,1609,1588,1605,-1,15974.8,1594,2766,1593,661,169115311.77527e+06,1.64524e+10,1609,1.87229e+06,1611,
c1705,20170310,20170310,00:16:37,0,1594,1029894,1609,1588,1605,-1,15974.8,1594,2766,1593,671,169115311.77527e+06,1.64524e+10,1609,1.87229e+06,1611,
c1705,20170310,20170310,00:16:38,0,1594,1029894,1609,1588,1605,-1,15974.8,1594,2801,1593,671,169115311.77527e+06,1.64524e+10,1609,1.87229e+06,1611,
c1705,20170310,20170310,00:16:39,0,1594,1029894,1609,1588,1605,-1,15974.8,1594,2802,1593,671,169115311.77527e+06,1.64524e+10,1609,1.87229e+06,1611,
c1705,20170310,20170310,00:16:39,500,1594,1029894,1609,1588,1605,-1,15974.8,1594,2887,1593,671,169115311.77527e+06,1.64524e+10,1609,1.87229e+06,1611,
c1705,20170310,20170310,00:16:40,0,1594,1029894,1609,1588,1605,-1,15974.8,1594,2887,1593,674,169115311.77527e+06,1.64524e+10,1609,1.87229e+06,1611,
c1705,20170310,20170310,00:16:40,500,1594,1029894,1609,1588,1605,-1,15974.8,1594,2886,1593,674,169115311.77527e+06,1.64524e+10,1609,1.87229e+06,1611,
c1705,20170310,20170310,00:16:41,500,1594,1029936,1609,1588,1605,-1,15974.8,1594,2875,1593,675,169115311.77528e+06,1.6453e+10,1609,1.87229e+06,1611,
c1705,20170310,20170310,00:16:42,0,1593,1029938,1609,1588,1605,-1,15974.8,1594,2874,1593,674,169115311.77528e+06,1.64531e+10,1609,1.87229e+06,1611,
c1705,20170310,20170310,00:16:42,500,1593,1029938,1609,1588,1605,-1,15974.8,1594,2874,1593,694,169115311.77528e+06,1.64531e+10,1609,1.87229e+06,1611,
c1705,20170310,20170310,00:16:44,500,1593,1029948,1609,1588,1605,-1,15974.8,1594,2875,1593,689,169115311.77529e+06,1.64532e+10,1609,1.87229e+06,1611,
c1705,20170310,20170310,00:16:45,0,1593,1029948,1609,1588,1605,-1,15974.8,1594,2875,1593,695,169115311.77529e+06,1.64532e+10,1609,1.87229e+06,1611,
c1705,20170310,20170310,00:16:46,0,1594,1029950,1609,1588,1605,-1,15974.8,1594,2874,1593,695,169115311.77528e+06,1.64533e+10,1609,1.87229e+06,1611,
c1705,20170310,20170310,00:16:46,500,1594,1029950,1609,1588,1605,-1,15974.8,1594,2874,1593,723,169115311.77528e+06,1.64533e+10,1609,1.87229e+06,1611,
c1705,20170310,20170310,00:16:47,0,1594,1029950,1609,1588,1605,-1,15974.8,1594,2872,1593,723,169115311.77528e+06,1.64533e+10,1609,1.87229e+06,1611,
c1705,20170310,20170310,00:16:47,500,1594,1029950,1609,1588,1605,-1,15974.8,1594,2872,1593,729,169115311.77528e+06,1.64533e+10,1609,1.87229e+06,1611,
c1705,20170310,20170310,00:16:48,0,1594,1029950,1609,1588,1605,-1,15974.8,1594,2867,1593,729,169115311.77528e+06,1.64533e+10,1609,1.87229e+06,1611,
c1705,20170310,20170310,00:16:49,0,1593,1029952,1609,1588,1605,-1,15974.8,1594,2866,1593,728,169115311.77529e+06,1.64533e+10,1609,1.87229e+06,1611,
c1705,20170310,20170310,00:16:49,500,1593,1029952,1609,1588,1605,-1,15974.8,1594,2876,1593,729,169115311.77529e+06,1.64533e+10,1609,1.87229e+06,1611,
c1705,20170310,20170310,00:16:50,0,1593,1029952,1609,1588,1605,-1,15974.8,1594,2875,1593,730,169115311.77529e+06,1.64533e+10,1609,1.87229e+06,1611,
c1705,20170310,20170310,00:16:51,0,1593,1029952,1609,1588,1605,-1,15974.8,1594,2881,1593,729,169115311.77529e+06,1.64533e+10,1609,1.87229e+06,1611,
c1705,20170310,20170310,00:16:52,0,1594,1029958,1609,1588,1605,-1,15974.8,1594,2864,1593,731,169115311.77529e+06,1.64534e+10,1609,1.87229e+06,1611,
c1705,20170310,20170310,00:16:52,500,1594,1029958,1609,1588,1605,-1,15974.8,1594,2863,1593,731,169115311.77529e+06,1.64534e+10,1609,1.87229e+06,1611,
