rb1710,20170310,20170310,11:30:00,500,3211,795532,3240,3194,3204,-1,32180.9,3212,145,3211,6,34272978965644,2.56009e+10,3206,979770,3203,
rb1710,20170310,20170310,11:30:00,500,3211,795532,3240,3194,3204,-1,32180.9,3212,145,3211,6,34272978965644,2.56009e+10,3206,979770,3203,
rb1710,20170310,20170310,00:09:50,0,3222,936006,3240,3194,3204,-1,32187.2,3223,61,3222,48,34272978963098,3.01274e+10,3206,979770,3203,
rb1710,20170310,20170310,00:09:50,500,3222,936006,3240,3194,3204,-1,32187.2,3223,61,3222,49,34272978963098,3.01274e+10,3206,979770,3203,
rb1710,20170310,20170310,00:09:51,0,3223,936008,3240,3194,3204,-1,32187.2,3223,60,3222,49,34272978963098,3.01275e+10,3206,979770,3203,
rb1710,20170310,20170310,00:09:52,0,3223,936018,3240,3194,3204,-1,32187.2,3223,55,3222,49,34272978963098,3.01278e+10,3206,979770,3203,
rb1710,20170310,20170310,00:09:52,500,3223,936018,3240,3194,3204,-1,32187.2,3223,55,3222,49,34272978963098,3.01278e+10,3206,979770,3203,
rb1710,20170310,20170310,00:09:53,500,3222,936020,3240,3194,3204,-1,32187.2,3223,55,3222,48,34272978963098,3.01278e+10,3206,979770,3203,
rb1710,20170310,20170310,00:09:54,0,3223,936024,3240,3194,3204,-1,32187.2,3223,58,3222,46,34272978963098,3.0128e+10,3206,979770,3203,
rb1710,20170310,20170310,00:09:54,500,3223,936024,3240,3194,3204,-1,32187.2,3223,58,3222,46,34272978963098,3.0128e+10,3206,979770,3203,
rb1710,20170310,20170310,00:09:55,0,3223,936024,3240,3194,3204,-1,32187.2,3223,61,3222,45,34272978963098,3.0128e+10,3206,979770,3203,
rb1710,20170310,20170310,00:09:56,0,3223,936024,3240,3194,3204,-1,32187.2,3223,58,3222,46,34272978963098,3.0128e+10,3206,979770,3203,
rb1710,20170310,20170310,00:09:56,500,3223,936024,3240,3194,3204,-1,32187.2,3223,59,3222,46,34272978963098,3.0128e+10,3206,979770,3203,
rb1710,20170310,20170310,00:09:57,0,3223,936024,3240,3194,3204,-1,32187.2,3223,59,3222,46,34272978963098,3.0128e+10,3206,979770,3203,
rb1710,20170310,20170310,00:09:57,500,3222,936026,3240,3194,3204,-1,32187.2,3223,59,3222,46,34272978963096,3.0128e+10,3206,979770,3203,
rb1710,20170310,20170310,00:09:58,0,3223,936030,3240,3194,3204,-1,32187.2,3223,63,3222,46,34272978963100,3.01282e+10,3206,979770,3203,
rb1710,20170310,20170310,00:09:58,500,3223,936038,3240,3194,3204,-1,32187.2,3223,59,3222,46,34272978963108,3.01284e+10,3206,979770,3203,
rb1710,20170310,20170310,00:09:59,0,3223,936038,3240,3194,3204,-1,32187.2,3223,60,3222,46,34272978963108,3.01284e+10,3206,979770,3203,
rb1710,20170310,20170310,00:09:59,500,3223,936038,3240,3194,3204,-1,32187.2,3223,60,3222,48,34272978963108,3.01284e+10,3206,979770,3203,
rb1710,20170310,20170310,00:10:00,0,3223,936038,3240,3194,3204,-1,32187.2,3223,60,3222,49,34272978963108,3.01284e+10,3206,979770,3203,
rb1710,20170310,20170310,00:10:01,0,3223,936046,3240,3194,3204,-1,32187.2,3223,59,3222,48,34272978963104,3.01287e+10,3206,979770,3203,
rb1710,20170310,20170310,00:10:01,500,3223,936046,3240,3194,3204,-1,32187.2,3223,61,3222,48,34272978963104,3.01287e+10,3206,979770,3203,
rb1710,20170310,20170310,00:10:03,0,3223,936046,3240,3194,3204,-1,32187.2,3223,61,3222,48,34272978963104,3.01287e+10,3206,979770,3203,
rb1710,20170310,20170310,00:10:03,500,3223,936046,3240,3194,3204,-1,32187.2,3223,61,3222,50,34272978963104,3.01287e+10,3206,979770,3203,
rb1710,20170310,20170310,00:10:04,0,3223,936050,3240,3194,3204,-1,32187.2,3223,59,3222,51,34272978963106,3.01288e+10,3206,979770,3203,
rb1710,20170310,20170310,00:10:04,500,3223,936050,3240,3194,3204,-1,32187.2,3223,63,3222,51,34272978963106,3.01288e+10,3206,979770,3203,
rb1710,20170310,20170310,00:10:05,0,3223,936052,3240,3194,3204,-1,32187.2,3223,62,3222,49,34272978963108,3.01289e+10,3206,979770,3203,
rb1710,20170310,20170310,00:10:05,500,3223,936052,3240,3194,3204,-1,32187.2,3223,62,3222,50,34272978963108,3.01289e+10,3206,979770,3203,
rb1710,20170310,20170310,00:10:06,0,3223,936064,3240,3194,3204,-1,32187.2,3223,58,3222,48,34272978963116,3.01293e+10,3206,979770,3203,
rb1710,20170310,20170310,00:10:06,500,3223,936064,3240,3194,3204,-1,32187.2,3223,58,3222,50,34272978963116,3.01293e+10,3206,979770,3203,
rb1710,20170310,20170310,00:10:07,0,3223,936064,3240,3194,3204,-1,32187.2,3223,58,3222,52,34272978963116,3.01293e+10,3206,979770,3203,
rb1710,20170310,20170310,00:10:07,500,3223,936064,3240,3194,3204,-1,32187.2,3223,60,3222,53,34272978963116,3.01293e+10,3206,979770,3203,
rb1710,20170310,20170310,00:10:08,0,3222,936068,3240,3194,3204,-1,32187.2,3223,54,3222,51,34272978963114,3.01294e+10,3206,979770,3203,
rb1710,20170310,20170310,00:10:08,500,3222,936068,3240,3194,3204,-1,32187.2,3223,54,3222,51,34272978963114,3.01294e+10,3206,979770,3203,
rb1710,20170310,20170310,00:10:09,0,3222,936068,3240,3194,3204,-1,32187.2,3223,55,3222,51,34272978963114,3.01294e+10,3206,979770,3203,
rb1710,20170310,20170310,00:10:09,500,3222,936068,3240,3194,3204,-1,32187.2,3223,55,3222,51,34272978963114,3.01294e+10,3206,979770,3203,
rb1710,20170310,20170310,00:10:10,0,3222,936068,3240,3194,3204,-1,32187.2,3223,55,3222,51,34272978963114,3.01294e+10,3206,979770,3203,
rb1710,20170310,20170310,00:10:10,500,3222,936080,3240,3194,3204,-1,32187.2,3223,54,3222,46,34272978963126,3.01298e+10,3206,979770,3203,
rb1710,20170310,20170310,00:10:11,0,3222,936080,3240,3194,3204,-1,32187.2,3223,54,3222,47,34272978963126,3.01298e+10,3206,979770,3203,
rb1710,20170310,20170310,00:10:11,500,3223,936082,3240,3194,3204,-1,32187.2,3223,53,3222,47,34272978963128,3.01298e+10,3206,979770,3203,
rb1710,20170310,20170310,00:10:12,0,3223,936082,3240,3194,3204,-1,32187.2,3223,52,3222,47,34272978963128,3.01298e+10,3206,979770,3203,
rb1710,20170310,20170310,00:10:12,500,3223,936082,3240,3194,3204,-1,32187.2,3223,52,3222,47,34272978963128,3.01298e+10,3206,979770,3203,
rb1710,20170310,20170310,00:10:13,0,3223,936084,3240,3194,3204,-1,32187.2,3223,51,3222,48,34272978963128,3.01299e+10,3206,979770,3203,
rb1710,20170310,20170310,00:10:13,500,3222,936134,3240,3194,3204,-1,32187.2,3223,51,3222,23,34272978963130,3.01315e+10,3206,979770,3203,
rb1710,20170310,20170310,00:10:14,0,3222,936134,3240,3194,3204,-1,32187.2,3223,51,3222,20,34272978963130,3.01315e+10,3206,979770,3203,
rb1710,20170310,20170310,00:10:15,0,3222,936174,3240,3194,3204,-1,32187.2,3222,10,3221,229,34272978963114,3.01328e+10,3206,979770,3203,
rb1710,20170310,20170310,00:10:15,500,3222,936194,3240,3194,3204,-1,32187.2,3223,51,3222,23,34272978963114,3.01335e+10,3206,979770,3203,
rb1710,20170310,20170310,00:10:16,0,3222,936194,3240,3194,3204,-1,32187.2,3223,59,3222,23,34272978963114,3.01335e+10,3206,979770,3203,
rb1710,20170310,20170310,00:10:16,500,3222,936196,3240,3194,3204,-1,32187.2,3223,59,3222,23,34272978963114,3.01335e+10,3206,979770,3203,
rb1710,20170310,20170310,00:10:17,0,3222,936196,3240,3194,3204,-1,32187.2,3223,65,3222,23,34272978963114,3.01335e+10,3206,979770,3203,
rb1710,20170310,20170310,00:10:17,500,3222,936196,3240,3194,3204,-1,32187.2,3223,65,3222,23,34272978963114,3.01335e+10,3206,979770,3203,
rb1710,20170310,20170310,00:10:18,0,3222,936196,3240,3194,3204,-1,32187.2,3223,66,3222,24,34272978963114,3.01335e+10,3206,979770,3203,
rb1710,20170310,20170310,00:10:18,500,3222,936200,3240,3194,3204,-1,32187.2,3223,67,3222,22,34272978963114,3.01336e+10,3206,979770,3203,
rb1710,20170310,20170310,00:10:19,0,3222,936200,3240,3194,3204,-1,32187.2,3223,67,3222,22,34272978963114,3.01336e+10,3206,979770,3203,
rb1710,20170310,20170310,00:10:19,500,3222,936200,3240,3194,3204,-1,32187.2,3223,67,3222,24,34272978963114,3.01336e+10,3206,979770,3203,
rb1710,20170310,20170310,00:10:20,0,3222,936220,3240,3194,3204,-1,32187.2,3223,67,3222,14,34272978963134,3.01343e+10,3206,979770,3203,
rb1710,20170310,20170310,00:10:20,500,3222,936220,3240,3194,3204,-1,32187.2,3223,67,3222,13,34272978963134,3.01343e+10,3206,979770,3203,
rb1710,20170310,20170310,00:10:21,0,3222,936220,3240,3194,3204,-1,32187.2,3223,67,3222,13,34272978963134,3.01343e+10,3206,979770,3203,
rb1710,20170310,20170310,00:10:21,500,3222,936220,3240,3194,3204,-1,32187.2,3223,69,3222,13,34272978963134,3.01343e+10,3206,979770,3203,
rb1710,20170310,20170310,00:10:22,0,3223,936222,3240,3194,3204,-1,32187.2,3223,68,3222,13,34272978963136,3.01344e+10,3206,979770,3203,
rb1710,20170310,20170310,00:10:22,500,3223,936222,3240,3194,3204,-1,32187.2,3223,68,3222,14,34272978963136,3.01344e+10,3206,979770,3203,
rb1710,20170310,20170310,00:10:23,0,3222,936224,3240,3194,3204,-1,32187.2,3223,68,3222,13,34272978963136,3.01344e+10,3206,979770,3203,
rb1710,20170310,20170310,00:10:23,500,3222,936224,3240,3194,3204,-1,32187.2,3223,68,3222,15,34272978963136,3.01344e+10,3206,979770,3203,
rb1710,20170310,20170310,00:10:24,0,3222,936224,3240,3194,3204,-1,32187.2,3223,68,3222,15,34272978963136,3.01344e+10,3206,979770,3203,
rb1710,20170310,20170310,00:10:24,500,3221,936256,3240,3194,3204,-1,32187.2,3223,68,3221,199,34272978963164,3.01354e+10,3206,979770,3203,
rb1710,20170310,20170310,00:10:25,0,3223,936258,3240,3194,3204,-1,32187.2,3223,67,3221,199,34272978963164,3.01355e+10,3206,979770,3203,
rb1710,20170310,20170310,00:10:25,500,3223,936258,3240,3194,3204,-1,32187.2,3222,1,3221,199,34272978963164,3.01355e+10,3206,979770,3203,
rb1710,20170310,20170310,00:10:26,0,3222,936260,3240,3194,3204,-1,32187.2,3223,67,3222,12,34272978963162,3.01356e+10,3206,979770,3203,
rb1710,20170310,20170310,00:10:26,500,3222,936260,3240,3194,3204,-1,32187.2,3223,67,3222,21,34272978963162,3.01356e+10,3206,979770,3203,
rb1710,20170310,20170310,00:10:27,0,3222,936260,3240,3194,3204,-1,32187.2,3223,67,3222,121,34272978963162,3.01356e+10,3206,979770,3203,
rb1710,20170310,20170310,00:10:27,500,3222,936260,3240,3194,3204,-1,32187.2,3223,67,3222,122,34272978963162,3.01356e+10,3206,979770,3203,
rb1710,20170310,20170310,00:10:28,0,3222,936260,3240,3194,3204,-1,32187.2,3223,65,3222,123,34272978963162,3.01356e+10,3206,979770,3203,
rb1710,20170310,20170310,00:10:29,0,3222,936260,3240,3194,3204,-1,32187.2,3223,66,3222,124,34272978963162,3.01356e+10,3206,979770,3203,
rb1710,20170310,20170310,00:10:29,500,3222,936260,3240,3194,3204,-1,32187.2,3223,66,3222,127,34272978963162,3.01356e+10,3206,979770,3203,
rb1710,20170310,20170310,00:10:30,0,3222,936260,3240,3194,3204,-1,32187.2,3223,66,3222,126,34272978963162,3.01356e+10,3206,979770,3203,
rb1710,20170310,20170310,00:10:31,0,3222,936260,3240,3194,3204,-1,32187.2,3223,67,3222,126,34272978963162,3.01356e+10,3206,979770,3203,
rb1710,20170310,20170310,00:10:32,0,3222,936260,3240,3194,3204,-1,32187.2,3223,67,3222,126,34272978963162,3.01356e+10,3206,979770,3203,
rb1710,20170310,20170310,00:10:32,500,3222,936260,3240,3194,3204,-1,32187.2,3223,68,3222,126,34272978963162,3.01356e+10,3206,979770,3203,
rb1710,20170310,20170310,00:10:33,0,3222,936260,3240,3194,3204,-1,32187.2,3223,70,3222,128,34272978963162,3.01356e+10,3206,979770,3203,
rb1710,20170310,20170310,00:10:33,500,3222,936260,3240,3194,3204,-1,32187.2,3223,71,3222,128,34272978963162,3.01356e+10,3206,979770,3203,
rb1710,20170310,20170310,00:10:34,0,3222,936262,3240,3194,3204,-1,32187.2,3223,71,3222,127,34272978963160,3.01356e+10,3206,979770,3203,
rb1710,20170310,20170310,00:10:35,0,3223,936268,3240,3194,3204,-1,32187.2,3223,70,3222,125,34272978963158,3.01358e+10,3206,979770,3203,
rb1710,20170310,20170310,00:10:35,500,3222,936272,3240,3194,3204,-1,32187.2,3223,70,3222,123,34272978963154,3.0136e+10,3206,979770,3203,
rb1710,20170310,20170310,00:10:36,0,3222,936280,3240,3194,3204,-1,32187.2,3223,70,3222,119,34272978963146,3.01362e+10,3206,979770,3203,
rb1710,20170310,20170310,00:10:36,500,3223,936282,3240,3194,3204,-1,32187.2,3223,70,3222,119,34272978963146,3.01363e+10,3206,979770,3203,
rb1710,20170310,20170310,00:10:37,500,3223,936282,3240,3194,3204,-1,32187.2,3223,70,3222,119,34272978963146,3.01363e+10,3206,979770,3203,
rb1710,20170310,20170310,00:10:38,0,3223,936284,3240,3194,3204,-1,32187.2,3223,69,3222,120,34272978963148,3.01364e+10,3206,979770,3203,
rb1710,20170310,20170310,00:10:38,500,3223,936284,3240,3194,3204,-1,32187.2,3223,69,3222,120,34272978963148,3.01364e+10,3206,979770,3203,
rb1710,20170310,20170310,00:10:39,0,3222,936286,3240,3194,3204,-1,32187.2,3223,69,3222,119,34272978963150,3.01364e+10,3206,979770,3203,
rb1710,20170310,20170310,00:10:40,0,3222,936286,3240,3194,3204,-1,32187.2,3223,69,3222,119,34272978963150,3.01364e+10,3206,979770,3203,
rb1710,20170310,20170310,00:10:41,0,3223,936288,3240,3194,3204,-1,32187.2,3223,68,3222,127,34272978963152,3.01365e+10,3206,979770,3203,
rb1710,20170310,20170310,00:10:41,500,3222,936292,3240,3194,3204,-1,32187.2,3223,68,3222,125,34272978963150,3.01366e+10,3206,979770,3203,
rb1710,20170310,20170310,00:10:42,0,3222,936294,3240,3194,3204,-1,32187.2,3223,68,3222,124,34272978963150,3.01367e+10,3206,979770,3203,
rb1710,20170310,20170310,00:10:42,500,3222,936294,3240,3194,3204,-1,32187.2,3223,68,3222,124,34272978963150,3.01367e+10,3206,979770,3203,
rb1710,20170310,20170310,00:10:43,0,3222,936294,3240,3194,3204,-1,32187.2,3223,69,3222,124,34272978963150,3.01367e+10,3206,979770,3203,
rb1710,20170310,20170310,00:10:43,500,3222,936294,3240,3194,3204,-1,32187.2,3223,70,3222,124,34272978963150,3.01367e+10,3206,979770,3203,
rb1710,20170310,20170310,00:10:44,0,3222,936294,3240,3194,3204,-1,32187.2,3223,70,3222,125,34272978963150,3.01367e+10,3206,979770,3203,
rb1710,20170310,20170310,00:10:44,500,3222,936294,3240,3194,3204,-1,32187.2,3223,70,3222,125,34272978963150,3.01367e+10,3206,979770,3203,
rb1710,20170310,20170310,00:10:45,0,3222,936314,3240,3194,3204,-1,32187.2,3223,70,3222,115,34272978963130,3.01373e+10,3206,979770,3203,
rb1710,20170310,20170310,00:10:45,500,3222,936316,3240,3194,3204,-1,32187.2,3223,70,3222,114,34272978963130,3.01374e+10,3206,979770,3203,
rb1710,20170310,20170310,00:10:46,0,3222,936316,3240,3194,3204,-1,32187.2,3223,70,3222,115,34272978963130,3.01374e+10,3206,979770,3203,
rb1710,20170310,20170310,00:10:47,0,3223,936318,3240,3194,3204,-1,32187.2,3223,69,3222,115,34272978963130,3.01374e+10,3206,979770,3203,
rb1710,20170310,20170310,00:10:47,500,3223,936318,3240,3194,3204,-1,32187.2,3223,69,3222,115,34272978963130,3.01374e+10,3206,979770,3203,
rb1710,20170310,20170310,00:10:48,0,3223,936320,3240,3194,3204,-1,32187.2,3223,68,3222,115,34272978963130,3.01375e+10,3206,979770,3203,
rb1710,20170310,20170310,00:10:48,500,3223,936326,3240,3194,3204,-1,32187.2,3223,65,3222,115,34272978963136,3.01377e+10,3206,979770,3203,
rb1710,20170310,20170310,00:10:49,0,3223,936326,3240,3194,3204,-1,32187.2,3223,75,3222,115,34272978963136,3.01377e+10,3206,979770,3203,
rb1710,20170310,20170310,00:10:49,500,3223,936330,3240,3194,3204,-1,32187.2,3223,74,3222,115,34272978963136,3.01378e+10,3206,979770,3203,
rb1710,20170310,20170310,00:10:50,500,3223,936332,3240,3194,3204,-1,32187.2,3223,73,3222,115,34272978963138,3.01379e+10,3206,979770,3203,
rb1710,20170310,20170310,00:10:51,0,3223,936332,3240,3194,3204,-1,32187.2,3223,72,3222,113,34272978963138,3.01379e+10,3206,979770,3203,
rb1710,20170310,20170310,00:10:51,500,3223,936332,3240,3194,3204,-1,32187.2,3223,71,3222,113,34272978963138,3.01379e+10,3206,979770,3203,
rb1710,20170310,20170310,00:10:52,0,3223,936338,3240,3194,3204,-1,32187.2,3223,71,3222,113,34272978963144,3.01381e+10,3206,979770,3203,
rb1710,20170310,20170310,00:10:53,500,3223,936340,3240,3194,3204,-1,32187.2,3223,70,3222,113,34272978963146,3.01382e+10,3206,979770,3203,
rb1710,20170310,20170310,00:10:54,0,3223,936340,3240,3194,3204,-1,32187.2,3223,70,3222,113,34272978963146,3.01382e+10,3206,979770,3203,
rb1710,20170310,20170310,00:10:54,500,3223,936340,3240,3194,3204,-1,32187.2,3223,70,3222,113,34272978963146,3.01382e+10,3206,979770,3203,
rb1710,20170310,20170310,00:10:55,0,3222,936348,3240,3194,3204,-1,32187.2,3223,70,3222,109,34272978963138,3.01384e+10,3206,979770,3203,
rb1710,20170310,20170310,00:10:55,500,3223,936352,3240,3194,3204,-1,32187.2,3223,72,3222,107,34272978963136,3.01385e+10,3206,979770,3203,
rb1710,20170310,20170310,00:10:56,0,3223,936354,3240,3194,3204,-1,32187.2,3223,70,3222,107,34272978963136,3.01386e+10,3206,979770,3203,
rb1710,20170310,20170310,00:10:56,500,3223,936358,3240,3194,3204,-1,32187.2,3223,67,3222,107,34272978963132,3.01387e+10,3206,979770,3203,
rb1710,20170310,20170310,00:10:57,0,3223,936358,3240,3194,3204,-1,32187.2,3223,76,3222,107,34272978963132,3.01387e+10,3206,979770,3203,
rb1710,20170310,20170310,00:10:57,500,3223,936358,3240,3194,3204,-1,32187.2,3223,76,3222,108,34272978963132,3.01387e+10,3206,979770,3203,
rb1710,20170310,20170310,00:10:58,500,3223,936358,3240,3194,3204,-1,32187.2,3223,76,3222,108,34272978963132,3.01387e+10,3206,979770,3203,
rb1710,20170310,20170310,00:10:59,0,3223,936358,3240,3194,3204,-1,32187.2,3223,76,3222,108,34272978963132,3.01387e+10,3206,979770,3203,
rb1710,20170310,20170310,00:11:00,500,3223,936358,3240,3194,3204,-1,32187.2,3223,75,3222,112,34272978963132,3.01387e+10,3206,979770,3203,
rb1710,20170310,20170310,00:11:01,0,3223,936358,3240,3194,3204,-1,32187.2,3223,75,3222,112,34272978963132,3.01387e+10,3206,979770,3203,
rb1710,20170310,20170310,00:11:01,500,3223,936358,3240,3194,3204,-1,32187.2,3223,75,3222,112,34272978963132,3.01387e+10,3206,979770,3203,
rb1710,20170310,20170310,00:11:02,0,3223,936358,3240,3194,3204,-1,32187.2,3223,75,3222,112,34272978963132,3.01387e+10,3206,979770,3203,
rb1710,20170310,20170310,00:11:02,500,3223,936358,3240,3194,3204,-1,32187.2,3223,75,3222,113,34272978963132,3.01387e+10,3206,979770,3203,
rb1710,20170310,20170310,00:11:03,0,3223,936358,3240,3194,3204,-1,32187.2,3223,75,3222,113,34272978963132,3.01387e+10,3206,979770,3203,
rb1710,20170310,20170310,00:11:03,500,3223,936358,3240,3194,3204,-1,32187.2,3223,75,3222,113,34272978963132,3.01387e+10,3206,979770,3203,
rb1710,20170310,20170310,00:11:04,0,3223,936358,3240,3194,3204,-1,32187.2,3223,75,3222,113,34272978963132,3.01387e+10,3206,979770,3203,
rb1710,20170310,20170310,00:13:59,500,3221,941296,3240,3194,3204,-1,32187.3,3222,98,3221,35,34272978963204,3.02978e+10,3206,979770,3203,
rb1710,20170310,20170310,00:14:00,0,3221,941296,3240,3194,3204,-1,32187.3,3222,95,3221,34,34272978963204,3.02978e+10,3206,979770,3203,
rb1710,20170310,20170310,00:14:00,500,3221,941302,3240,3194,3204,-1,32187.3,3222,93,3221,33,34272978963204,3.0298e+10,3206,979770,3203,
rb1710,20170310,20170310,00:14:01,0,3221,941302,3240,3194,3204,-1,32187.3,3222,93,3221,33,34272978963204,3.0298e+10,3206,979770,3203,
rb1710,20170310,20170310,00:14:01,500,3221,941302,3240,3194,3204,-1,32187.3,3222,103,3221,33,34272978963204,3.0298e+10,3206,979770,3203,
rb1710,20170310,20170310,00:14:02,0,3221,941322,3240,3194,3204,-1,32187.3,3222,103,3221,23,34272978963204,3.02986e+10,3206,979770,3203,
rb1710,20170310,20170310,00:14:02,500,3221,941322,3240,3194,3204,-1,32187.3,3222,104,3221,23,34272978963204,3.02986e+10,3206,979770,3203,
rb1710,20170310,20170310,00:14:03,0,3221,941322,3240,3194,3204,-1,32187.3,3222,104,3221,23,34272978963204,3.02986e+10,3206,979770,3203,
rb1710,20170310,20170310,00:14:04,0,3221,941322,3240,3194,3204,-1,32187.3,3222,104,3221,15,34272978963204,3.02986e+10,3206,979770,3203,
rb1710,20170310,20170310,00:14:04,500,3221,941352,3240,3194,3204,-1,32187.3,3221,30,3220,108,34272978963204,3.02996e+10,3206,979770,3203,
rb1710,20170310,20170310,00:14:05,0,3221,941358,3240,3194,3204,-1,32187.3,3221,29,3220,108,34272978963210,3.02998e+10,3206,979770,3203,
rb1710,20170310,20170310,00:14:05,500,3221,941360,3240,3194,3204,-1,32187.3,3221,28,3220,108,34272978963212,3.02998e+10,3206,979770,3203,
rb1710,20170310,20170310,00:14:06,0,3221,941362,3240,3194,3204,-1,32187.3,3221,29,3220,108,34272978963214,3.02999e+10,3206,979770,3203,
rb1710,20170310,20170310,00:14:06,500,3221,941364,3240,3194,3204,-1,32187.3,3221,28,3220,108,34272978963216,3.03e+10,3206,979770,3203,
rb1710,20170310,20170310,00:14:07,500,3221,941366,3240,3194,3204,-1,32187.3,3221,27,3220,106,34272978963218,3.03e+10,3206,979770,3203,
rb1710,20170310,20170310,00:14:08,0,3221,941374,3240,3194,3204,-1,32187.3,3221,23,3220,96,34272978963218,3.03003e+10,3206,979770,3203,
rb1710,20170310,20170310,00:14:08,500,3221,941428,3240,3194,3204,-1,32187.3,3222,110,3221,257,34272978963206,3.0302e+10,3206,979770,3203,
rb1710,20170310,20170310,00:14:09,0,3222,941668,3240,3194,3204,-1,32187.3,3223,66,3222,298,34272978963002,3.03098e+10,3206,979770,3203,
rb1710,20170310,20170310,00:14:09,500,3222,941696,3240,3194,3204,-1,32187.3,3223,66,3222,285,34272978962990,3.03107e+10,3206,979770,3203,
rb1710,20170310,20170310,00:14:10,0,3222,941776,3240,3194,3204,-1,32187.3,3223,66,3222,245,34272978962950,3.03132e+10,3206,979770,3203,
rb1710,20170310,20170310,00:14:10,500,3222,941778,3240,3194,3204,-1,32187.3,3223,68,3222,244,34272978962950,3.03133e+10,3206,979770,3203,
rb1710,20170310,20170310,00:14:11,0,3222,941778,3240,3194,3204,-1,32187.3,3223,68,3222,244,34272978962950,3.03133e+10,3206,979770,3203,
rb1710,20170310,20170310,00:14:11,500,3222,941778,3240,3194,3204,-1,32187.3,3223,68,3222,244,34272978962950,3.03133e+10,3206,979770,3203,
rb1710,20170310,20170310,00:14:12,0,3222,941778,3240,3194,3204,-1,32187.3,3223,68,3222,1,34272978962950,3.03133e+10,3206,979770,3203,
rb1710,20170310,20170310,00:14:12,500,3222,941780,3240,3194,3204,-1,32187.3,3222,5,3221,6,34272978962950,3.03134e+10,3206,979770,3203,
rb1710,20170310,20170310,00:14:13,0,3222,941790,3240,3194,3204,-1,32187.3,3223,106,3222,322,34272978962942,3.03137e+10,3206,979770,3203,
rb1710,20170310,20170310,00:14:13,500,3222,941790,3240,3194,3204,-1,32187.3,3223,103,3222,324,34272978962942,3.03137e+10,3206,979770,3203,
rb1710,20170310,20170310,00:14:14,0,3223,941996,3240,3194,3204,-1,32187.3,3224,102,3223,221,34272978962842,3.03203e+10,3206,979770,3203,
rb1710,20170310,20170310,00:14:14,500,3224,942010,3240,3194,3204,-1,32187.3,3224,106,3223,220,34272978962834,3.03208e+10,3206,979770,3203,
rb1710,20170310,20170310,00:14:15,0,3224,942024,3240,3194,3204,-1,32187.3,3224,100,3223,219,34272978962826,3.03212e+10,3206,979770,3203,
rb1710,20170310,20170310,00:14:15,500,3224,942028,3240,3194,3204,-1,32187.3,3224,96,3223,2,34272978962822,3.03214e+10,3206,979770,3203,
rb1710,20170310,20170310,00:14:16,0,3223,942048,3240,3194,3204,-1,32187.3,3223,55,3222,7,34272978962836,3.0322e+10,3206,979770,3203,
rb1710,20170310,20170310,00:14:16,500,3223,942092,3240,3194,3204,-1,32187.3,3223,33,3221,8,34272978962804,3.03234e+10,3206,979770,3203,
rb1710,20170310,20170310,00:14:17,0,3223,942092,3240,3194,3204,-1,32187.3,3223,38,3222,9,34272978962804,3.03234e+10,3206,979770,3203,
rb1710,20170310,20170310,00:14:17,500,3223,942112,3240,3194,3204,-1,32187.3,3223,41,3222,1,34272978962788,3.03241e+10,3206,979770,3203,
rb1710,20170310,20170310,00:14:18,0,3222,942114,3240,3194,3204,-1,32187.3,3222,5,3221,76,34272978962788,3.03241e+10,3206,979770,3203,
rb1710,20170310,20170310,00:14:18,500,3222,942120,3240,3194,3204,-1,32187.3,3223,36,3222,4,34272978962782,3.03243e+10,3206,979770,3203,
rb1710,20170310,20170310,00:14:19,0,3222,942158,3240,3194,3204,-1,32187.3,3223,41,3222,255,34272978962744,3.03255e+10,3206,979770,3203,
rb1710,20170310,20170310,00:14:19,500,3223,942160,3240,3194,3204,-1,32187.3,3223,40,3222,257,34272978962744,3.03256e+10,3206,979770,3203,
rb1710,20170310,20170310,00:14:20,0,3223,942160,3240,3194,3204,-1,32187.3,3223,40,3222,259,34272978962744,3.03256e+10,3206,979770,3203,
rb1710,20170310,20170310,00:14:20,500,3223,942160,3240,3194,3204,-1,32187.3,3223,41,3222,259,34272978962744,3.03256e+10,3206,979770,3203,
rb1710,20170310,20170310,00:14:21,0,3223,942236,3240,3194,3204,-1,32187.3,3224,183,3223,225,34272978962734,3.03281e+10,3206,979770,3203,
rb1710,20170310,20170310,00:14:21,500,3223,942302,3240,3194,3204,-1,32187.3,3224,214,3223,193,34272978962674,3.03302e+10,3206,979770,3203,
rb1710,20170310,20170310,00:14:22,0,3223,942376,3240,3194,3204,-1,32187.3,3224,208,3223,166,34272978962606,3.03326e+10,3206,979770,3203,
rb1710,20170310,20170310,00:14:22,500,3223,942446,3240,3194,3204,-1,32187.3,3224,209,3223,136,34272978962576,3.03348e+10,3206,979770,3203,
rb1710,20170310,20170310,00:14:23,0,3222,942720,3240,3194,3204,-1,32187.3,3223,158,3222,263,34272978962474,3.03437e+10,3206,979770,3203,
rb1710,20170310,20170310,00:14:23,500,3223,942724,3240,3194,3204,-1,32187.3,3223,158,3222,9,34272978962474,3.03438e+10,3206,979770,3203,
rb1710,20170310,20170310,00:14:24,0,3222,942730,3240,3194,3204,-1,32187.3,3223,158,3222,6,34272978962478,3.0344e+10,3206,979770,3203,
rb1710,20170310,20170310,00:14:24,500,3223,943096,3240,3194,3204,-1,32187.4,3224,193,3223,78,34272978962170,3.03558e+10,3206,979770,3203,
rb1710,20170310,20170310,00:14:25,0,3221,943184,3240,3194,3204,-1,32187.4,3223,1,3222,1,34272978962132,3.03586e+10,3206,979770,3203,
rb1710,20170310,20170310,00:14:25,500,3222,943186,3240,3194,3204,-1,32187.4,3222,1,3221,113,34272978962132,3.03587e+10,3206,979770,3203,
rb1710,20170310,20170310,00:14:26,0,3223,943200,3240,3194,3204,-1,32187.4,3224,187,3223,150,34272978962136,3.03591e+10,3206,979770,3203,
rb1710,20170310,20170310,00:14:26,500,3224,943202,3240,3194,3204,-1,32187.4,3224,204,3223,151,34272978962134,3.03592e+10,3206,979770,3203,
rb1710,20170310,20170310,00:14:27,0,3223,943204,3240,3194,3204,-1,32187.4,3224,204,3223,150,34272978962132,3.03593e+10,3206,979770,3203,
rb1710,20170310,20170310,00:14:27,500,3223,943208,3240,3194,3204,-1,32187.4,3224,205,3223,148,34272978962128,3.03594e+10,3206,979770,3203,
rb1710,20170310,20170310,00:14:28,0,3223,943268,3240,3194,3204,-1,32187.4,3224,206,3223,118,34272978962128,3.03613e+10,3206,979770,3203,
rb1710,20170310,20170310,00:14:28,500,3223,943300,3240,3194,3204,-1,32187.4,3224,205,3223,103,34272978962120,3.03623e+10,3206,979770,3203,
rb1710,20170310,20170310,00:14:29,0,3223,943302,3240,3194,3204,-1,32187.4,3224,205,3223,102,34272978962118,3.03624e+10,3206,979770,3203,
rb1710,20170310,20170310,00:14:29,500,3223,943308,3240,3194,3204,-1,32187.4,3224,208,3223,99,34272978962116,3.03626e+10,3206,979770,3203,
rb1710,20170310,20170310,00:14:30,0,3223,943402,3240,3194,3204,-1,32187.4,3224,237,3223,54,34272978962170,3.03656e+10,3206,979770,3203,
rb1710,20170310,20170310,00:14:30,500,3223,943512,3240,3194,3204,-1,32187.4,3223,120,3222,53,34272978962224,3.03692e+10,3206,979770,3203,
rb1710,20170310,20170310,00:14:31,0,3223,943512,3240,3194,3204,-1,32187.4,3223,60,3222,50,34272978962224,3.03692e+10,3206,979770,3203,
rb1710,20170310,20170310,00:14:31,500,3222,943560,3240,3194,3204,-1,32187.4,3223,38,3222,26,34272978962218,3.03707e+10,3206,979770,3203,
rb1710,20170310,20170310,00:14:32,0,3223,943562,3240,3194,3204,-1,32187.4,3223,43,3222,26,34272978962216,3.03708e+10,3206,979770,3203,
rb1710,20170310,20170310,00:14:32,500,3223,943568,3240,3194,3204,-1,32187.4,3223,40,3222,26,34272978962218,3.0371e+10,3206,979770,3203,
rb1710,20170310,20170310,00:14:33,0,3223,943568,3240,3194,3204,-1,32187.4,3223,41,3222,26,34272978962218,3.0371e+10,3206,979770,3203,
rb1710,20170310,20170310,00:14:33,500,3222,943570,3240,3194,3204,-1,32187.4,3223,41,3222,25,34272978962220,3.0371e+10,3206,979770,3203,
rb1710,20170310,20170310,00:14:34,0,3222,943572,3240,3194,3204,-1,32187.4,3223,41,3222,24,34272978962220,3.03711e+10,3206,979770,3203,
rb1710,20170310,20170310,00:14:34,500,3222,943572,3240,3194,3204,-1,32187.4,3223,42,3222,24,34272978962220,3.03711e+10,3206,979770,3203,
rb1710,20170310,20170310,00:14:35,0,3222,943572,3240,3194,3204,-1,32187.4,3223,42,3222,25,34272978962220,3.03711e+10,3206,979770,3203,
rb1710,20170310,20170310,00:14:35,500,3222,943572,3240,3194,3204,-1,32187.4,3223,42,3222,26,34272978962220,3.03711e+10,3206,979770,3203,
rb1710,20170310,20170310,00:14:36,0,3223,943588,3240,3194,3204,-1,32187.4,3223,49,3222,26,34272978962220,3.03716e+10,3206,979770,3203,
rb1710,20170310,20170310,00:14:36,500,3223,943606,3240,3194,3204,-1,32187.4,3223,40,3222,26,34272978962236,3.03722e+10,3206,979770,3203,
rb1710,20170310,20170310,00:14:37,0,3222,943608,3240,3194,3204,-1,32187.4,3223,40,3222,26,34272978962238,3.03723e+10,3206,979770,3203,
rb1710,20170310,20170310,00:14:38,0,3222,943628,3240,3194,3204,-1,32187.4,3223,41,3222,16,34272978962258,3.03729e+10,3206,979770,3203,
rb1710,20170310,20170310,00:14:38,500,3222,943636,3240,3194,3204,-1,32187.4,3223,41,3222,12,34272978962266,3.03732e+10,3206,979770,3203,
rb1710,20170310,20170310,00:14:39,0,3222,943636,3240,3194,3204,-1,32187.4,3223,41,3222,12,34272978962266,3.03732e+10,3206,979770,3203,
rb1710,20170310,20170310,00:14:39,500,3222,943636,3240,3194,3204,-1,32187.4,3223,41,3222,12,34272978962266,3.03732e+10,3206,979770,3203,
rb1710,20170310,20170310,00:14:40,0,3222,943636,3240,3194,3204,-1,32187.4,3223,41,3222,12,34272978962266,3.03732e+10,3206,979770,3203,
rb1710,20170310,20170310,00:14:40,500,3222,943638,3240,3194,3204,-1,32187.4,3223,41,3222,12,34272978962268,3.03732e+10,3206,979770,3203,
rb1710,20170310,20170310,00:14:41,0,3222,943638,3240,3194,3204,-1,32187.4,3223,42,3222,12,34272978962268,3.03732e+10,3206,979770,3203,
rb1710,20170310,20170310,00:14:42,0,3222,943638,3240,3194,3204,-1,32187.4,3223,47,3222,12,34272978962268,3.03732e+10,3206,979770,3203,
rb1710,20170310,20170310,00:14:42,500,3222,943638,3240,3194,3204,-1,32187.4,3223,47,3222,12,34272978962268,3.03732e+10,3206,979770,3203,
rb1710,20170310,20170310,00:14:43,0,3222,943640,3240,3194,3204,-1,32187.4,3223,47,3222,11,34272978962270,3.03733e+10,3206,979770,3203,
rb1710,20170310,20170310,00:14:43,500,3222,943640,3240,3194,3204,-1,32187.4,3223,48,3222,11,34272978962270,3.03733e+10,3206,979770,3203,
rb1710,20170310,20170310,00:14:44,0,3221,943680,3240,3194,3204,-1,32187.4,3223,50,3222,1,34272978962254,3.03746e+10,3206,979770,3203,
rb1710,20170310,20170310,00:14:44,500,3222,943682,3240,3194,3204,-1,32187.4,3223,38,3221,136,34272978962254,3.03747e+10,3206,979770,3203,
rb1710,20170310,20170310,00:14:45,0,3222,943684,3240,3194,3204,-1,32187.4,3222,1,3221,146,34272978962256,3.03747e+10,3206,979770,3203,
rb1710,20170310,20170310,00:14:45,500,3222,943686,3240,3194,3204,-1,32187.4,3223,38,3221,147,34272978962258,3.03748e+10,3206,979770,3203,
rb1710,20170310,20170310,00:14:46,0,3222,943686,3240,3194,3204,-1,32187.4,3223,49,3221,137,34272978962258,3.03748e+10,3206,979770,3203,
rb1710,20170310,20170310,00:14:46,500,3221,943688,3240,3194,3204,-1,32187.4,3223,53,3221,136,34272978962260,3.03749e+10,3206,979770,3203,
rb1710,20170310,20170310,00:14:47,0,3221,943688,3240,3194,3204,-1,32187.4,3223,55,3221,136,34272978962260,3.03749e+10,3206,979770,3203,
rb1710,20170310,20170310,00:14:47,500,3221,943690,3240,3194,3204,-1,32187.4,3223,52,3221,129,34272978962262,3.03749e+10,3206,979770,3203,
rb1710,20170310,20170310,00:14:48,0,3221,943690,3240,3194,3204,-1,32187.4,3223,53,3221,129,34272978962262,3.03749e+10,3206,979770,3203,
rb1710,20170310,20170310,00:14:48,500,3221,943690,3240,3194,3204,-1,32187.4,3223,53,3221,131,34272978962262,3.03749e+10,3206,979770,3203,
rb1710,20170310,20170310,00:14:49,0,3221,943692,3240,3194,3204,-1,32187.4,3223,54,3221,140,34272978962264,3.0375e+10,3206,979770,3203,
rb1710,20170310,20170310,00:14:49,500,3221,943692,3240,3194,3204,-1,32187.4,3223,57,3221,140,34272978962264,3.0375e+10,3206,979770,3203,
rb1710,20170310,20170310,00:14:50,0,3221,943692,3240,3194,3204,-1,32187.4,3223,57,3221,142,34272978962264,3.0375e+10,3206,979770,3203,
rb1710,20170310,20170310,00:14:50,500,3221,943694,3240,3194,3204,-1,32187.4,3223,57,3221,141,34272978962266,3.0375e+10,3206,979770,3203,
rb1710,20170310,20170310,00:14:51,0,3221,943694,3240,3194,3204,-1,32187.4,3223,69,3222,1,34272978962266,3.0375e+10,3206,979770,3203,
rb1710,20170310,20170310,00:14:51,500,3221,943698,3240,3194,3204,-1,32187.4,3222,3,3221,141,34272978962268,3.03752e+10,3206,979770,3203,
rb1710,20170310,20170310,00:14:52,0,3221,943698,3240,3194,3204,-1,32187.4,3222,3,3221,141,34272978962268,3.03752e+10,3206,979770,3203,
rb1710,20170310,20170310,00:14:52,500,3221,943698,3240,3194,3204,-1,32187.4,3222,4,3221,141,34272978962268,3.03752e+10,3206,979770,3203,
rb1710,20170310,20170310,00:14:53,0,3222,943700,3240,3194,3204,-1,32187.4,3222,3,3221,142,34272978962268,3.03752e+10,3206,979770,3203,
rb1710,20170310,20170310,00:14:53,500,3222,943700,3240,3194,3204,-1,32187.4,3222,3,3221,139,34272978962268,3.03752e+10,3206,979770,3203,
rb1710,20170310,20170310,00:14:54,0,3222,943706,3240,3194,3204,-1,32187.4,3223,72,3221,139,34272978962272,3.03754e+10,3206,979770,3203,
rb1710,20170310,20170310,00:14:54,500,3221,943708,3240,3194,3204,-1,32187.4,3223,72,3221,138,34272978962274,3.03755e+10,3206,979770,3203,
rb1710,20170310,20170310,00:14:55,0,3221,943728,3240,3194,3204,-1,32187.4,3223,72,3221,131,34272978962294,3.03761e+10,3206,979770,3203,
rb1710,20170310,20170310,00:14:55,500,3222,943734,3240,3194,3204,-1,32187.4,3222,9,3221,131,34272978962300,3.03763e+10,3206,979770,3203,
rb1710,20170310,20170310,00:14:56,0,3222,943736,3240,3194,3204,-1,32187.4,3222,8,3221,132,34272978962302,3.03764e+10,3206,979770,3203,
rb1710,20170310,20170310,00:14:56,500,3222,943736,3240,3194,3204,-1,32187.4,3222,8,3221,132,34272978962302,3.03764e+10,3206,979770,3203,
rb1710,20170310,20170310,00:14:57,0,3222,943736,3240,3194,3204,-1,32187.4,3222,8,3221,132,34272978962302,3.03764e+10,3206,979770,3203,
rb1710,20170310,20170310,00:14:57,500,3222,943746,3240,3194,3204,-1,32187.4,3222,3,3221,132,34272978962312,3.03767e+10,3206,979770,3203,
rb1710,20170310,20170310,00:14:58,0,3222,943746,3240,3194,3204,-1,32187.4,3222,3,3221,132,34272978962312,3.03767e+10,3206,979770,3203,
rb1710,20170310,20170310,00:14:58,500,3221,943748,3240,3194,3204,-1,32187.4,3222,3,3221,131,34272978962314,3.03768e+10,3206,979770,3203,
rb1710,20170310,20170310,00:14:59,0,3222,943754,3240,3194,3204,-1,32187.4,3223,103,3222,3,34272978962320,3.0377e+10,3206,979770,3203,
rb1710,20170310,20170310,00:14:59,500,3222,943760,3240,3194,3204,-1,32187.4,3222,8,3221,131,34272978962322,3.03772e+10,3206,979770,3203,
rb1710,20170310,20170310,00:15:00,0,3222,943762,3240,3194,3204,-1,32187.4,3222,115,3221,131,34272978962320,3.03772e+10,3206,979770,3203,
rb1710,20170310,20170310,00:15:00,500,3222,943762,3240,3194,3204,-1,32187.4,3222,116,3221,131,34272978962320,3.03772e+10,3206,979770,3203,
rb1710,20170310,20170310,00:15:01,0,3222,943762,3240,3194,3204,-1,32187.4,3222,118,3221,131,34272978962320,3.03772e+10,3206,979770,3203,
rb1710,20170310,20170310,00:15:01,500,3221,943778,3240,3194,3204,-1,32187.4,3222,119,3221,123,34272978962316,3.03778e+10,3206,979770,3203,
rb1710,20170310,20170310,00:15:02,0,3221,943778,3240,3194,3204,-1,32187.4,3222,119,3221,123,34272978962316,3.03778e+10,3206,979770,3203,
rb1710,20170310,20170310,00:15:02,500,3222,943780,3240,3194,3204,-1,32187.4,3222,118,3221,123,34272978962316,3.03778e+10,3206,979770,3203,
rb1710,20170310,20170310,00:15:03,0,3221,943782,3240,3194,3204,-1,32187.4,3222,18,3221,122,34272978962316,3.03779e+10,3206,979770,3203,
rb1710,20170310,20170310,00:15:03,500,3221,943782,3240,3194,3204,-1,32187.4,3222,19,3221,122,34272978962316,3.03779e+10,3206,979770,3203,
rb1710,20170310,20170310,00:15:04,0,3221,943782,3240,3194,3204,-1,32187.4,3222,19,3221,127,34272978962316,3.03779e+10,3206,979770,3203,
rb1710,20170310,20170310,00:15:04,500,3222,943802,3240,3194,3204,-1,32187.4,3222,26,3221,119,34272978962296,3.03785e+10,3206,979770,3203,
rb1710,20170310,20170310,00:15:05,0,3221,943810,3240,3194,3204,-1,32187.4,3222,28,3221,115,34272978962288,3.03788e+10,3206,979770,3203,
rb1710,20170310,20170310,00:15:05,500,3221,943828,3240,3194,3204,-1,32187.4,3222,45,3221,106,34272978962288,3.03794e+10,3206,979770,3203,
rb1710,20170310,20170310,00:15:06,0,3221,943828,3240,3194,3204,-1,32187.4,3222,49,3221,106,34272978962288,3.03794e+10,3206,979770,3203,
rb1710,20170310,20170310,00:15:06,500,3221,943828,3240,3194,3204,-1,32187.4,3222,100,3221,106,34272978962288,3.03794e+10,3206,979770,3203,
rb1710,20170310,20170310,00:15:07,0,3222,943830,3240,3194,3204,-1,32187.4,3222,65,3221,106,34272978962288,3.03794e+10,3206,979770,3203,
rb1710,20170310,20170310,00:15:07,500,3222,943838,3240,3194,3204,-1,32187.4,3222,61,3221,107,34272978962290,3.03797e+10,3206,979770,3203,
rb1710,20170310,20170310,00:15:08,0,3221,943840,3240,3194,3204,-1,32187.4,3222,67,3221,106,34272978962292,3.03797e+10,3206,979770,3203,
rb1710,20170310,20170310,00:15:08,500,3221,943840,3240,3194,3204,-1,32187.4,3222,69,3221,106,34272978962292,3.03797e+10,3206,979770,3203,
rb1710,20170310,20170310,00:15:09,0,3221,943840,3240,3194,3204,-1,32187.4,3222,59,3221,111,34272978962292,3.03797e+10,3206,979770,3203,
rb1710,20170310,20170310,00:15:10,0,3221,943840,3240,3194,3204,-1,32187.4,3222,59,3221,111,34272978962292,3.03797e+10,3206,979770,3203,
rb1710,20170310,20170310,00:15:10,500,3221,943840,3240,3194,3204,-1,32187.4,3222,69,3221,112,34272978962292,3.03797e+10,3206,979770,3203,
rb1710,20170310,20170310,00:15:11,0,3222,943842,3240,3194,3204,-1,32187.4,3222,74,3221,112,34272978962294,3.03798e+10,3206,979770,3203,
rb1710,20170310,20170310,00:15:11,500,3222,943842,3240,3194,3204,-1,32187.4,3222,74,3221,112,34272978962294,3.03798e+10,3206,979770,3203,
rb1710,20170310,20170310,00:15:12,0,3221,943844,3240,3194,3204,-1,32187.4,3222,74,3221,111,34272978962296,3.03799e+10,3206,979770,3203,
rb1710,20170310,20170310,00:15:12,500,3221,943844,3240,3194,3204,-1,32187.4,3222,75,3221,111,34272978962296,3.03799e+10,3206,979770,3203,
rb1710,20170310,20170310,00:15:13,500,3221,943844,3240,3194,3204,-1,32187.4,3222,75,3221,111,34272978962296,3.03799e+10,3206,979770,3203,
rb1710,20170310,20170310,00:15:14,0,3221,943844,3240,3194,3204,-1,32187.4,3222,75,3221,111,34272978962296,3.03799e+10,3206,979770,3203,
rb1710,20170310,20170310,00:15:15,0,3221,943844,3240,3194,3204,-1,32187.4,3222,75,3221,111,34272978962296,3.03799e+10,3206,979770,3203,
rb1710,20170310,20170310,00:15:15,500,3221,943932,3240,3194,3204,-1,32187.4,3222,75,3221,67,34272978962296,3.03827e+10,3206,979770,3203,
rb1710,20170310,20170310,00:15:16,0,3221,943932,3240,3194,3204,-1,32187.4,3222,75,3221,67,34272978962296,3.03827e+10,3206,979770,3203,
rb1710,20170310,20170310,00:15:17,500,3221,943934,3240,3194,3204,-1,32187.4,3222,75,3221,69,34272978962298,3.03828e+10,3206,979770,3203,
rb1710,20170310,20170310,00:15:18,0,3221,943934,3240,3194,3204,-1,32187.4,3222,75,3221,71,34272978962298,3.03828e+10,3206,979770,3203,
rb1710,20170310,20170310,00:15:18,500,3222,943946,3240,3194,3204,-1,32187.4,3222,68,3221,71,34272978962300,3.03832e+10,3206,979770,3203,
rb1710,20170310,20170310,00:15:19,0,3221,943950,3240,3194,3204,-1,32187.4,3222,67,3221,68,34272978962304,3.03833e+10,3206,979770,3203,
rb1710,20170310,20170310,00:15:19,500,3221,943950,3240,3194,3204,-1,32187.4,3222,67,3221,108,34272978962304,3.03833e+10,3206,979770,3203,
rb1710,20170310,20170310,00:15:20,0,3221,943950,3240,3194,3204,-1,32187.4,3222,67,3221,108,34272978962304,3.03833e+10,3206,979770,3203,
rb1710,20170310,20170310,00:15:20,500,3221,943950,3240,3194,3204,-1,32187.4,3222,67,3221,107,34272978962304,3.03833e+10,3206,979770,3203,
rb1710,20170310,20170310,00:15:21,500,3221,943950,3240,3194,3204,-1,32187.4,3222,67,3221,107,34272978962304,3.03833e+10,3206,979770,3203,
rb1710,20170310,20170310,00:15:22,0,3221,943950,3240,3194,3204,-1,32187.4,3222,67,3221,107,34272978962304,3.03833e+10,3206,979770,3203,
rb1710,20170310,20170310,00:15:22,500,3221,943950,3240,3194,3204,-1,32187.4,3222,67,3221,107,34272978962304,3.03833e+10,3206,979770,3203,
rb1710,20170310,20170310,00:15:23,0,3222,943954,3240,3194,3204,-1,32187.4,3222,65,3221,107,34272978962304,3.03834e+10,3206,979770,3203,
rb1710,20170310,20170310,00:15:23,500,3222,943954,3240,3194,3204,-1,32187.4,3222,65,3221,2107,34272978962304,3.03834e+10,3206,979770,3203,
rb1710,20170310,20170310,00:15:24,0,3222,944084,3240,3194,3204,-1,32187.4,3223,79,3222,25,34272978962294,3.03876e+10,3206,979770,3203,
rb1710,20170310,20170310,00:15:24,500,3222,944120,3240,3194,3204,-1,32187.4,3223,109,3222,7,34272978962274,3.03888e+10,3206,979770,3203,
rb1710,20170310,20170310,00:15:25,0,3222,944156,3240,3194,3204,-1,32187.4,3223,105,3222,13,34272978962250,3.03899e+10,3206,979770,3203,
rb1710,20170310,20170310,00:15:25,500,3222,944180,3240,3194,3204,-1,32187.4,3223,105,3222,2,34272978962226,3.03907e+10,3206,979770,3203,
rb1710,20170310,20170310,00:15:26,0,3222,944184,3240,3194,3204,-1,32187.4,3222,5,3221,165,34272978962226,3.03908e+10,3206,979770,3203,
rb1710,20170310,20170310,00:15:26,500,3222,944194,3240,3194,3204,-1,32187.4,3223,87,3221,165,34272978962218,3.03912e+10,3206,979770,3203,
rb1710,20170310,20170310,00:15:27,0,3222,944194,3240,3194,3204,-1,32187.4,3223,109,3221,165,34272978962218,3.03912e+10,3206,979770,3203,
rb1710,20170310,20170310,00:15:27,500,3222,944194,3240,3194,3204,-1,32187.4,3222,2,3221,165,34272978962218,3.03912e+10,3206,979770,3203,
rb1710,20170310,20170310,00:15:28,0,3221,944224,3240,3194,3204,-1,32187.4,3222,2,3221,150,34272978962218,3.03921e+10,3206,979770,3203,
rb1710,20170310,20170310,00:15:28,500,3221,944224,3240,3194,3204,-1,32187.4,3222,3,3221,150,34272978962218,3.03921e+10,3206,979770,3203,
rb1710,20170310,20170310,00:15:29,0,3222,944244,3240,3194,3204,-1,32187.4,3222,39,3221,150,34272978962220,3.03928e+10,3206,979770,3203,
rb1710,20170310,20170310,00:15:29,500,3222,944244,3240,3194,3204,-1,32187.4,3223,103,3221,100,34272978962220,3.03928e+10,3206,979770,3203,
rb1710,20170310,20170310,00:15:30,500,3222,944244,3240,3194,3204,-1,32187.4,3222,1,3221,100,34272978962220,3.03928e+10,3206,979770,3203,
rb1710,20170310,20170310,00:15:31,0,3222,944244,3240,3194,3204,-1,32187.4,3222,1,3221,101,34272978962220,3.03928e+10,3206,979770,3203,
rb1710,20170310,20170310,00:15:32,0,3222,944244,3240,3194,3204,-1,32187.4,3222,1,3221,101,34272978962220,3.03928e+10,3206,979770,3203,
rb1710,20170310,20170310,00:15:32,500,3222,944248,3240,3194,3204,-1,32187.4,3223,115,3222,2,34272978962218,3.03929e+10,3206,979770,3203,
rb1710,20170310,20170310,00:15:33,0,3221,944270,3240,3194,3204,-1,32187.4,3222,11,3221,92,34272978962196,3.03936e+10,3206,979770,3203,
rb1710,20170310,20170310,00:15:33,500,3221,944270,3240,3194,3204,-1,32187.4,3222,3,3221,95,34272978962196,3.03936e+10,3206,979770,3203,
rb1710,20170310,20170310,00:15:34,0,3222,944272,3240,3194,3204,-1,32187.4,3222,2,3221,95,34272978962194,3.03937e+10,3206,979770,3203,
rb1710,20170310,20170310,00:15:34,500,3222,944272,3240,3194,3204,-1,32187.4,3222,2,3221,95,34272978962194,3.03937e+10,3206,979770,3203,
rb1710,20170310,20170310,00:15:35,0,3222,944272,3240,3194,3204,-1,32187.4,3222,2,3221,95,34272978962194,3.03937e+10,3206,979770,3203,
rb1710,20170310,20170310,00:15:35,500,3222,944290,3240,3194,3204,-1,32187.4,3222,1,3221,85,34272978962180,3.03942e+10,3206,979770,3203,
rb1710,20170310,20170310,00:15:36,0,3221,944308,3240,3194,3204,-1,32187.4,3223,107,3222,2,34272978962164,3.03948e+10,3206,979770,3203,
rb1710,20170310,20170310,00:15:36,500,3221,944316,3240,3194,3204,-1,32187.4,3222,2,3221,82,34272978962156,3.03951e+10,3206,979770,3203,
rb1710,20170310,20170310,00:15:37,0,3221,944326,3240,3194,3204,-1,32187.4,3222,8,3221,77,34272978962146,3.03954e+10,3206,979770,3203,
rb1710,20170310,20170310,00:15:37,500,3221,944328,3240,3194,3204,-1,32187.4,3222,9,3221,76,34272978962144,3.03955e+10,3206,979770,3203,
rb1710,20170310,20170310,00:15:38,0,3221,944328,3240,3194,3204,-1,32187.4,3222,9,3221,76,34272978962144,3.03955e+10,3206,979770,3203,
rb1710,20170310,20170310,00:15:38,500,3221,944338,3240,3194,3204,-1,32187.4,3222,10,3221,71,34272978962146,3.03958e+10,3206,979770,3203,
rb1710,20170310,20170310,00:15:39,0,3221,944340,3240,3194,3204,-1,32187.4,3222,4,3221,71,34272978962146,3.03959e+10,3206,979770,3203,
rb1710,20170310,20170310,00:15:39,500,3221,944340,3240,3194,3204,-1,32187.4,3222,4,3221,71,34272978962146,3.03959e+10,3206,979770,3203,
rb1710,20170310,20170310,00:15:40,0,3222,944348,3240,3194,3204,-1,32187.4,3223,107,3222,36,34272978962150,3.03961e+10,3206,979770,3203,
rb1710,20170310,20170310,00:15:40,500,3222,944386,3240,3194,3204,-1,32187.4,3223,116,3222,17,34272978962184,3.03973e+10,3206,979770,3203,
rb1710,20170310,20170310,00:15:41,500,3223,944388,3240,3194,3204,-1,32187.4,3223,115,3222,17,34272978962186,3.03974e+10,3206,979770,3203,
rb1710,20170310,20170310,00:15:42,0,3222,944390,3240,3194,3204,-1,32187.4,3223,115,3222,16,34272978962186,3.03975e+10,3206,979770,3203,
rb1710,20170310,20170310,00:15:42,500,3222,944412,3240,3194,3204,-1,32187.4,3223,115,3222,5,34272978962186,3.03982e+10,3206,979770,3203,
rb1710,20170310,20170310,00:15:43,0,3222,944422,3240,3194,3204,-1,32187.4,3222,1,3221,71,34272978962186,3.03985e+10,3206,979770,3203,
rb1710,20170310,20170310,00:15:43,500,3222,944422,3240,3194,3204,-1,32187.4,3222,1,3221,72,34272978962186,3.03985e+10,3206,979770,3203,
rb1710,20170310,20170310,00:15:44,0,3221,944462,3240,3194,3204,-1,32187.4,3222,1,3221,52,34272978962214,3.03998e+10,3206,979770,3203,
rb1710,20170310,20170310,00:15:44,500,3222,944464,3240,3194,3204,-1,32187.4,3223,113,3222,1,34272978962212,3.03999e+10,3206,979770,3203,
rb1710,20170310,20170310,00:15:45,0,3222,944476,3240,3194,3204,-1,32187.4,3223,123,3221,48,34272978962206,3.04002e+10,3206,979770,3203,
rb1710,20170310,20170310,00:15:45,500,3222,944476,3240,3194,3204,-1,32187.4,3222,3,3221,51,34272978962206,3.04002e+10,3206,979770,3203,
rb1710,20170310,20170310,00:15:46,0,3222,944476,3240,3194,3204,-1,32187.4,3222,3,3221,52,34272978962206,3.04002e+10,3206,979770,3203,
rb1710,20170310,20170310,00:15:46,500,3222,944476,3240,3194,3204,-1,32187.4,3222,6,3221,52,34272978962206,3.04002e+10,3206,979770,3203,
rb1710,20170310,20170310,00:15:47,0,3222,944476,3240,3194,3204,-1,32187.4,3222,7,3221,52,34272978962206,3.04002e+10,3206,979770,3203,
rb1710,20170310,20170310,00:15:48,0,3222,944490,3240,3194,3204,-1,32187.4,3223,82,3222,27,34272978962206,3.04007e+10,3206,979770,3203,
rb1710,20170310,20170310,00:15:48,500,3222,944496,3240,3194,3204,-1,32187.4,3223,82,3222,25,34272978962204,3.04009e+10,3206,979770,3203,
rb1710,20170310,20170310,00:15:49,0,3222,944496,3240,3194,3204,-1,32187.4,3223,82,3222,25,34272978962204,3.04009e+10,3206,979770,3203,
rb1710,20170310,20170310,00:15:49,500,3222,944496,3240,3194,3204,-1,32187.4,3223,85,3222,25,34272978962204,3.04009e+10,3206,979770,3203,
rb1710,20170310,20170310,00:15:50,0,3222,944496,3240,3194,3204,-1,32187.4,3223,109,3222,23,34272978962204,3.04009e+10,3206,979770,3203,
rb1710,20170310,20170310,00:15:50,500,3223,944498,3240,3194,3204,-1,32187.4,3223,82,3222,23,34272978962204,3.04009e+10,3206,979770,3203,
rb1710,20170310,20170310,00:15:51,0,3223,944498,3240,3194,3204,-1,32187.4,3223,82,3222,23,34272978962204,3.04009e+10,3206,979770,3203,
rb1710,20170310,20170310,00:15:51,500,3222,944502,3240,3194,3204,-1,32187.4,3223,82,3222,22,34272978962200,3.04011e+10,3206,979770,3203,
rb1710,20170310,20170310,00:15:52,0,3222,944532,3240,3194,3204,-1,32187.4,3223,105,3222,7,34272978962170,3.0402e+10,3206,979770,3203,
rb1710,20170310,20170310,00:15:52,500,3222,944532,3240,3194,3204,-1,32187.4,3223,83,3222,7,34272978962170,3.0402e+10,3206,979770,3203,
rb1710,20170310,20170310,00:15:53,0,3222,944534,3240,3194,3204,-1,32187.4,3223,83,3222,6,34272978962168,3.04021e+10,3206,979770,3203,
rb1710,20170310,20170310,00:15:53,500,3222,944546,3240,3194,3204,-1,32187.4,3222,94,3221,17,34272978962166,3.04025e+10,3206,979770,3203,
rb1710,20170310,20170310,00:15:54,0,3222,944552,3240,3194,3204,-1,32187.4,3222,91,3221,27,34272978962164,3.04027e+10,3206,979770,3203,
rb1710,20170310,20170310,00:15:55,0,3222,944584,3240,3194,3204,-1,32187.4,3222,75,3221,27,34272978962164,3.04037e+10,3206,979770,3203,
rb1710,20170310,20170310,00:15:55,500,3222,944664,3240,3194,3204,-1,32187.4,3222,35,3221,30,34272978962084,3.04063e+10,3206,979770,3203,
rb1710,20170310,20170310,00:15:56,0,3222,944734,3240,3194,3204,-1,32187.4,3223,83,3222,17,34272978962084,3.04086e+10,3206,979770,3203,
rb1710,20170310,20170310,00:15:56,500,3222,944734,3240,3194,3204,-1,32187.4,3223,73,3222,20,34272978962084,3.04086e+10,3206,979770,3203,
rb1710,20170310,20170310,00:15:57,0,3222,944746,3240,3194,3204,-1,32187.4,3223,73,3222,14,34272978962094,3.04089e+10,3206,979770,3203,
rb1710,20170310,20170310,00:15:57,500,3222,944746,3240,3194,3204,-1,32187.4,3223,73,3222,14,34272978962094,3.04089e+10,3206,979770,3203,
rb1710,20170310,20170310,00:15:58,0,3222,944746,3240,3194,3204,-1,32187.4,3223,73,3222,14,34272978962094,3.04089e+10,3206,979770,3203,
rb1710,20170310,20170310,00:15:58,500,3222,944746,3240,3194,3204,-1,32187.4,3223,73,3222,14,34272978962094,3.04089e+10,3206,979770,3203,
rb1710,20170310,20170310,00:15:59,0,3222,944746,3240,3194,3204,-1,32187.4,3223,74,3222,14,34272978962094,3.04089e+10,3206,979770,3203,
rb1710,20170310,20170310,00:15:59,500,3222,944748,3240,3194,3204,-1,32187.4,3223,75,3222,13,34272978962096,3.0409e+10,3206,979770,3203,
rb1710,20170310,20170310,00:16:00,0,3222,944750,3240,3194,3204,-1,32187.4,3223,75,3222,12,34272978962098,3.04091e+10,3206,979770,3203,
rb1710,20170310,20170310,00:16:00,500,3222,944750,3240,3194,3204,-1,32187.4,3223,75,3222,14,34272978962098,3.04091e+10,3206,979770,3203,
rb1710,20170310,20170310,00:16:01,500,3222,944750,3240,3194,3204,-1,32187.4,3223,75,3222,20,34272978962098,3.04091e+10,3206,979770,3203,
rb1710,20170310,20170310,00:16:02,0,3222,944756,3240,3194,3204,-1,32187.4,3223,75,3222,17,34272978962098,3.04093e+10,3206,979770,3203,
rb1710,20170310,20170310,00:16:02,500,3222,944760,3240,3194,3204,-1,32187.4,3223,83,3222,15,34272978962100,3.04094e+10,3206,979770,3203,
rb1710,20170310,20170310,00:16:03,0,3222,944760,3240,3194,3204,-1,32187.4,3223,83,3222,15,34272978962100,3.04094e+10,3206,979770,3203,
rb1710,20170310,20170310,00:16:03,500,3222,944760,3240,3194,3204,-1,32187.4,3223,84,3222,15,34272978962100,3.04094e+10,3206,979770,3203,
rb1710,20170310,20170310,00:16:04,0,3222,944760,3240,3194,3204,-1,32187.4,3223,84,3222,11,34272978962100,3.04094e+10,3206,979770,3203,
rb1710,20170310,20170310,00:16:04,500,3222,944764,3240,3194,3204,-1,32187.4,3223,85,3222,9,34272978962104,3.04095e+10,3206,979770,3203,
rb1710,20170310,20170310,00:16:05,0,3222,944774,3240,3194,3204,-1,32187.4,3223,85,3222,5,34272978962098,3.04098e+10,3206,979770,3203,
rb1710,20170310,20170310,00:16:05,500,3222,944774,3240,3194,3204,-1,32187.4,3223,85,3222,11,34272978962098,3.04098e+10,3206,979770,3203,
rb1710,20170310,20170310,00:16:06,0,3222,944774,3240,3194,3204,-1,32187.4,3223,85,3222,21,34272978962098,3.04098e+10,3206,979770,3203,
rb1710,20170310,20170310,00:16:06,500,3223,944794,3240,3194,3204,-1,32187.4,3223,75,3222,22,34272978962104,3.04105e+10,3206,979770,3203,
rb1710,20170310,20170310,00:16:07,0,3223,944944,3240,3194,3204,-1,32187.4,3224,368,3222,24,34272978962058,3.04153e+10,3206,979770,3203,
rb1710,20170310,20170310,00:16:07,500,3222,944948,3240,3194,3204,-1,32187.4,3224,369,3223,3,34272978962058,3.04154e+10,3206,979770,3203,
rb1710,20170310,20170310,00:16:08,0,3223,944950,3240,3194,3204,-1,32187.4,3224,368,3223,16,34272978962056,3.04155e+10,3206,979770,3203,
rb1710,20170310,20170310,00:16:08,500,3224,945042,3240,3194,3204,-1,32187.4,3224,312,3223,103,34272978962024,3.04185e+10,3206,979770,3203,
rb1710,20170310,20170310,00:16:09,0,3223,945288,3240,3194,3204,-1,32187.4,3224,201,3223,92,34272978961986,3.04264e+10,3206,979770,3203,
rb1710,20170310,20170310,00:16:09,500,3224,945420,3240,3194,3204,-1,32187.5,3224,135,3223,92,34272978962044,3.04307e+10,3206,979770,3203,
rb1710,20170310,20170310,00:16:10,0,3224,945434,3240,3194,3204,-1,32187.5,3224,128,3223,92,34272978962052,3.04311e+10,3206,979770,3203,
rb1710,20170310,20170310,00:16:10,500,3224,945522,3240,3194,3204,-1,32187.5,3224,84,3223,93,34272978962134,3.0434e+10,3206,979770,3203,
rb1710,20170310,20170310,00:16:11,0,3224,945524,3240,3194,3204,-1,32187.5,3224,83,3223,93,34272978962136,3.0434e+10,3206,979770,3203,
rb1710,20170310,20170310,00:16:11,500,3224,945526,3240,3194,3204,-1,32187.5,3224,82,3223,81,34272978962138,3.04341e+10,3206,979770,3203,
rb1710,20170310,20170310,00:16:12,0,3223,945528,3240,3194,3204,-1,32187.5,3224,82,3223,80,34272978962140,3.04341e+10,3206,979770,3203,
rb1710,20170310,20170310,00:16:12,500,3224,945530,3240,3194,3204,-1,32187.5,3224,81,3223,77,34272978962140,3.04342e+10,3206,979770,3203,
rb1710,20170310,20170310,00:16:13,0,3224,945530,3240,3194,3204,-1,32187.5,3224,131,3223,80,34272978962140,3.04342e+10,3206,979770,3203,
rb1710,20170310,20170310,00:16:13,500,3224,945530,3240,3194,3204,-1,32187.5,3224,131,3223,80,34272978962140,3.04342e+10,3206,979770,3203,
rb1710,20170310,20170310,00:16:14,0,3224,945530,3240,3194,3204,-1,32187.5,3224,131,3223,79,34272978962140,3.04342e+10,3206,979770,3203,
rb1710,20170310,20170310,00:16:14,500,3224,945532,3240,3194,3204,-1,32187.5,3224,133,3223,88,34272978962142,3.04343e+10,3206,979770,3203,
rb1710,20170310,20170310,00:16:15,0,3223,945536,3240,3194,3204,-1,32187.5,3224,133,3223,81,34272978962146,3.04344e+10,3206,979770,3203,
rb1710,20170310,20170310,00:16:15,500,3223,945546,3240,3194,3204,-1,32187.5,3224,134,3223,77,34272978962138,3.04347e+10,3206,979770,3203,
rb1710,20170310,20170310,00:16:16,0,3223,945546,3240,3194,3204,-1,32187.5,3224,144,3223,77,34272978962138,3.04347e+10,3206,979770,3203,
rb1710,20170310,20170310,00:16:16,500,3223,945546,3240,3194,3204,-1,32187.5,3224,144,3223,79,34272978962138,3.04347e+10,3206,979770,3203,
rb1710,20170310,20170310,00:16:17,0,3224,945556,3240,3194,3204,-1,32187.5,3224,139,3223,16,34272978962144,3.0435e+10,3206,979770,3203,
rb1710,20170310,20170310,00:16:17,500,3224,945562,3240,3194,3204,-1,32187.5,3224,137,3223,15,34272978962144,3.04352e+10,3206,979770,3203,
rb1710,20170310,20170310,00:16:18,0,3224,945562,3240,3194,3204,-1,32187.5,3224,137,3223,23,34272978962144,3.04352e+10,3206,979770,3203,
rb1710,20170310,20170310,00:16:18,500,3223,945564,3240,3194,3204,-1,32187.5,3224,138,3223,25,34272978962146,3.04353e+10,3206,979770,3203,
rb1710,20170310,20170310,00:16:19,0,3223,945566,3240,3194,3204,-1,32187.5,3224,138,3223,14,34272978962148,3.04354e+10,3206,979770,3203,
rb1710,20170310,20170310,00:16:19,500,3223,945594,3240,3194,3204,-1,32187.5,3223,25,3222,109,34272978962140,3.04363e+10,3206,979770,3203,
rb1710,20170310,20170310,00:16:20,0,3223,945600,3240,3194,3204,-1,32187.5,3223,17,3222,112,34272978962134,3.04365e+10,3206,979770,3203,
rb1710,20170310,20170310,00:16:20,500,3223,945686,3240,3194,3204,-1,32187.5,3224,151,3223,4,34272978962166,3.04392e+10,3206,979770,3203,
rb1710,20170310,20170310,00:16:21,0,3223,945696,3240,3194,3204,-1,32187.5,3223,119,3222,109,34272978962174,3.04396e+10,3206,979770,3203,
rb1710,20170310,20170310,00:16:21,500,3223,945710,3240,3194,3204,-1,32187.5,3223,42,3222,105,34272978962186,3.044e+10,3206,979770,3203,
rb1710,20170310,20170310,00:16:22,0,3223,945716,3240,3194,3204,-1,32187.5,3223,11,3222,119,34272978962192,3.04402e+10,3206,979770,3203,
rb1710,20170310,20170310,00:16:22,500,3223,945738,3240,3194,3204,-1,32187.5,3224,155,3223,9,34272978962188,3.04409e+10,3206,979770,3203,
rb1710,20170310,20170310,00:16:23,0,3224,945756,3240,3194,3204,-1,32187.5,3224,153,3223,2,34272978962170,3.04415e+10,3206,979770,3203,
rb1710,20170310,20170310,00:16:23,500,3223,945760,3240,3194,3204,-1,32187.5,3224,150,3223,1,34272978962166,3.04416e+10,3206,979770,3203,
rb1710,20170310,20170310,00:16:24,0,3223,945760,3240,3194,3204,-1,32187.5,3224,150,3223,1,34272978962166,3.04416e+10,3206,979770,3203,
rb1710,20170310,20170310,00:16:24,500,3224,945766,3240,3194,3204,-1,32187.5,3224,147,3223,1,34272978962170,3.04418e+10,3206,979770,3203,
rb1710,20170310,20170310,00:16:25,0,3224,945766,3240,3194,3204,-1,32187.5,3224,150,3223,1,34272978962170,3.04418e+10,3206,979770,3203,
rb1710,20170310,20170310,00:16:25,500,3224,945766,3240,3194,3204,-1,32187.5,3224,150,3223,1,34272978962170,3.04418e+10,3206,979770,3203,
rb1710,20170310,20170310,00:16:26,0,3223,945768,3240,3194,3204,-1,32187.5,3223,3,3222,65,34272978962170,3.04419e+10,3206,979770,3203,
rb1710,20170310,20170310,00:16:26,500,3223,945774,3240,3194,3204,-1,32187.5,3224,149,3223,18,34272978962170,3.04421e+10,3206,979770,3203,
rb1710,20170310,20170310,00:16:27,0,3223,945776,3240,3194,3204,-1,32187.5,3224,149,3223,17,34272978962170,3.04421e+10,3206,979770,3203,
rb1710,20170310,20170310,00:16:27,500,3223,945776,3240,3194,3204,-1,32187.5,3224,149,3223,18,34272978962170,3.04421e+10,3206,979770,3203,
rb1710,20170310,20170310,00:16:28,0,3223,945796,3240,3194,3204,-1,32187.5,3224,151,3223,10,34272978962150,3.04428e+10,3206,979770,3203,
rb1710,20170310,20170310,00:16:28,500,3223,945816,3240,3194,3204,-1,32187.5,3223,94,3222,77,34272978962152,3.04434e+10,3206,979770,3203,
rb1710,20170310,20170310,00:16:29,0,3223,945818,3240,3194,3204,-1,32187.5,3223,96,3222,77,34272978962152,3.04435e+10,3206,979770,3203,
rb1710,20170310,20170310,00:16:29,500,3223,945818,3240,3194,3204,-1,32187.5,3223,120,3222,77,34272978962152,3.04435e+10,3206,979770,3203,
rb1710,20170310,20170310,00:16:30,0,3223,945820,3240,3194,3204,-1,32187.5,3223,119,3222,71,34272978962152,3.04436e+10,3206,979770,3203,
rb1710,20170310,20170310,00:16:30,500,3223,945824,3240,3194,3204,-1,32187.5,3223,119,3222,71,34272978962150,3.04437e+10,3206,979770,3203,
rb1710,20170310,20170310,00:16:31,0,3223,945824,3240,3194,3204,-1,32187.5,3223,120,3222,71,34272978962150,3.04437e+10,3206,979770,3203,
rb1710,20170310,20170310,00:16:31,500,3223,945824,3240,3194,3204,-1,32187.5,3223,120,3222,71,34272978962150,3.04437e+10,3206,979770,3203,
rb1710,20170310,20170310,00:16:32,0,3222,945828,3240,3194,3204,-1,32187.5,3223,120,3222,69,34272978962148,3.04438e+10,3206,979770,3203,
rb1710,20170310,20170310,00:16:33,0,3222,945828,3240,3194,3204,-1,32187.5,3223,119,3222,69,34272978962148,3.04438e+10,3206,979770,3203,
rb1710,20170310,20170310,00:16:33,500,3223,945830,3240,3194,3204,-1,32187.5,3223,118,3222,69,34272978962148,3.04439e+10,3206,979770,3203,
rb1710,20170310,20170310,00:16:34,0,3223,945830,3240,3194,3204,-1,32187.5,3223,117,3222,69,34272978962148,3.04439e+10,3206,979770,3203,
rb1710,20170310,20170310,00:16:34,500,3223,945830,3240,3194,3204,-1,32187.5,3223,117,3222,70,34272978962148,3.04439e+10,3206,979770,3203,
rb1710,20170310,20170310,00:16:35,0,3223,945842,3240,3194,3204,-1,32187.5,3223,111,3222,70,34272978962160,3.04443e+10,3206,979770,3203,
rb1710,20170310,20170310,00:16:36,0,3222,945922,3240,3194,3204,-1,32187.5,3223,111,3222,30,34272978962162,3.04468e+10,3206,979770,3203,
rb1710,20170310,20170310,00:16:36,500,3222,945982,3240,3194,3204,-1,32187.5,3223,111,3222,1,34272978962152,3.04488e+10,3206,979770,3203,
rb1710,20170310,20170310,00:16:37,0,3222,945984,3240,3194,3204,-1,32187.5,3223,111,3221,104,34272978962154,3.04488e+10,3206,979770,3203,
rb1710,20170310,20170310,00:16:37,500,3222,945984,3240,3194,3204,-1,32187.5,3222,1,3221,107,34272978962154,3.04488e+10,3206,979770,3203,
rb1710,20170310,20170310,00:16:38,0,3222,945986,3240,3194,3204,-1,32187.5,3223,111,3221,107,34272978962154,3.04489e+10,3206,979770,3203,
rb1710,20170310,20170310,00:16:38,500,3223,945990,3240,3194,3204,-1,32187.5,3223,109,3221,107,34272978962158,3.0449e+10,3206,979770,3203,
rb1710,20170310,20170310,00:16:39,0,3223,945990,3240,3194,3204,-1,32187.5,3223,110,3221,115,34272978962158,3.0449e+10,3206,979770,3203,
rb1710,20170310,20170310,00:16:39,500,3223,945990,3240,3194,3204,-1,32187.5,3223,110,3221,113,34272978962158,3.0449e+10,3206,979770,3203,
rb1710,20170310,20170310,00:16:40,0,3223,945990,3240,3194,3204,-1,32187.5,3223,113,3222,1,34272978962158,3.0449e+10,3206,979770,3203,
rb1710,20170310,20170310,00:16:40,500,3222,946020,3240,3194,3204,-1,32187.5,3222,16,3221,112,34272978962156,3.045e+10,3206,979770,3203,
rb1710,20170310,20170310,00:16:41,0,3222,946022,3240,3194,3204,-1,32187.5,3222,15,3221,112,34272978962154,3.04501e+10,3206,979770,3203,
rb1710,20170310,20170310,00:16:41,500,3221,946172,3240,3194,3204,-1,32187.5,3222,15,3221,40,34272978962274,3.04549e+10,3206,979770,3203,
rb1710,20170310,20170310,00:16:42,0,3222,946182,3240,3194,3204,-1,32187.5,3222,41,3221,38,34272978962274,3.04552e+10,3206,979770,3203,
rb1710,20170310,20170310,00:16:42,500,3222,946188,3240,3194,3204,-1,32187.5,3222,40,3221,18,34272978962268,3.04554e+10,3206,979770,3203,
rb1710,20170310,20170310,00:16:43,0,3221,946260,3240,3194,3204,-1,32187.5,3221,45,3220,194,34272978962290,3.04577e+10,3206,979770,3203,
rb1710,20170310,20170310,00:16:43,500,3220,946326,3240,3194,3204,-1,32187.5,3221,93,3220,174,34272978962284,3.04599e+10,3206,979770,3203,
rb1710,20170310,20170310,00:16:44,0,3220,946328,3240,3194,3204,-1,32187.5,3221,93,3220,173,34272978962284,3.04599e+10,3206,979770,3203,
rb1710,20170310,20170310,00:16:44,500,3221,946330,3240,3194,3204,-1,32187.5,3221,92,3220,178,34272978962286,3.046e+10,3206,979770,3203,
rb1710,20170310,20170310,00:16:45,0,3221,946330,3240,3194,3204,-1,32187.5,3221,92,3220,179,34272978962286,3.046e+10,3206,979770,3203,
rb1710,20170310,20170310,00:16:45,500,3221,946330,3240,3194,3204,-1,32187.5,3221,92,3220,180,34272978962286,3.046e+10,3206,979770,3203,
rb1710,20170310,20170310,00:16:46,0,3221,946342,3240,3194,3204,-1,32187.5,3221,93,3220,165,34272978962288,3.04604e+10,3206,979770,3203,
rb1710,20170310,20170310,00:16:46,500,3221,946356,3240,3194,3204,-1,32187.5,3221,86,3220,165,34272978962298,3.04608e+10,3206,979770,3203,
rb1710,20170310,20170310,00:16:47,0,3221,946428,3240,3194,3204,-1,32187.5,3221,50,3220,215,34272978962352,3.04631e+10,3206,979770,3203,
rb1710,20170310,20170310,00:16:47,500,3221,946538,3240,3194,3204,-1,32187.5,3222,12,3221,141,34272978962364,3.04667e+10,3206,979770,3203,
rb1710,20170310,20170310,00:16:48,0,3222,946566,3240,3194,3204,-1,32187.5,3223,181,3222,22,34272978962350,3.04676e+10,3206,979770,3203,
rb1710,20170310,20170310,00:16:48,500,3222,946610,3240,3194,3204,-1,32187.5,3223,181,3221,31,34272978962392,3.0469e+10,3206,979770,3203,
rb1710,20170310,20170310,00:16:49,0,3222,946610,3240,3194,3204,-1,32187.5,3222,17,3221,33,34272978962392,3.0469e+10,3206,979770,3203,
rb1710,20170310,20170310,00:16:49,500,3221,946612,3240,3194,3204,-1,32187.5,3222,17,3221,26,34272978962394,3.04691e+10,3206,979770,3203,
rb1710,20170310,20170310,00:16:50,0,3221,946612,3240,3194,3204,-1,32187.5,3222,17,3221,32,34272978962394,3.04691e+10,3206,979770,3203,
rb1710,20170310,20170310,00:16:50,500,3221,946612,3240,3194,3204,-1,32187.5,3222,17,3221,32,34272978962394,3.04691e+10,3206,979770,3203,
rb1710,20170310,20170310,00:16:51,0,3221,946612,3240,3194,3204,-1,32187.5,3222,19,3221,32,34272978962394,3.04691e+10,3206,979770,3203,
rb1710,20170310,20170310,00:16:52,0,3221,946612,3240,3194,3204,-1,32187.5,3222,19,3221,27,34272978962394,3.04691e+10,3206,979770,3203,
rb1710,20170310,20170310,00:16:52,500,3222,946650,3240,3194,3204,-1,32187.5,3223,186,3222,10,34272978962392,3.04703e+10,3206,979770,3203,
